family,instance,n,m,config,repeat,seed,classes_1wl,classes_pi,class_size_max,class_size_mean,colouring_ms,variables,clauses_bijection,clauses_edge,clauses_implied,anchors_k,dmax,encode_ms,formula_peak_rss_mb,queries_issued,queries_skipped_witness,queries_skipped_separation,sat,unsat,unknown,solve_ms_total,solve_ms_max,solve_ms_median,per_query_timeout_ms,workers,straggler_ratio,witnesses_verified,witnesses_rejected,recovered_orbits,true_orbits,gt_source,status,total_ms,peak_rss_mb
cfi-rigid-z2,graphs/cfi-rigid-z2/cfi-rigid-z2-0088-01-1,88,192,PI_DIST,1,42,2,28,4,3.14,211,304,176,768,544,8,6,30,86.5,57,46,113,4,53,0,35,2,0,180000,4,1.02,4,0,63,,,CERTIFIED,276,93.2
cfi-rigid-z2,graphs/cfi-rigid-z2/cfi-rigid-z2-0088-01-2,88,192,PI_DIST,1,42,2,28,4,3.14,60,304,176,768,544,8,6,4,104.2,56,48,112,2,54,0,15,0,0,180000,4,1.18,2,0,63,,,CERTIFIED,79,106.9
cfi-rigid-z2,graphs/cfi-rigid-z2/cfi-rigid-z2-0088-02-1,88,192,PI_DIST,1,42,2,28,4,3.14,48,304,176,768,544,8,6,2,116.8,108,0,108,0,108,0,16,1,0,180000,4,1.33,0,0,88,,,CERTIFIED,66,122.5
cfi-rigid-z2,graphs/cfi-rigid-z2/cfi-rigid-z2-0088-02-2,88,192,PI_DIST,1,42,2,28,4,3.14,47,304,176,768,544,8,6,3,146.0,108,0,108,0,108,0,17,1,0,180000,4,1.47,0,0,88,,,CERTIFIED,67,149.9
cfi-rigid-z2,graphs/cfi-rigid-z2/cfi-rigid-z2-0088-03-1,88,192,PI_DIST,1,42,2,28,4,3.14,53,304,176,768,544,8,6,1,163.7,33,69,114,1,32,0,10,1,0,180000,4,1.00,1,0,53,,,CERTIFIED,64,164.7
cfi-rigid-z2,graphs/cfi-rigid-z2/cfi-rigid-z2-0088-03-2,88,192,PI_DIST,1,42,2,28,4,3.14,44,304,176,768,544,8,6,2,173.5,35,67,114,3,32,0,9,1,0,180000,4,1.04,3,0,53,,,CERTIFIED,55,175.8
cfi-rigid-z2,graphs/cfi-rigid-z2/cfi-rigid-z2-0088-04-1,88,192,PI_DIST,1,42,2,27,8,3.26,44,336,176,864,544,8,6,2,176.5,103,7,138,1,102,0,12,1,0,180000,4,1.07,1,0,84,,,CERTIFIED,58,179.5
cfi-rigid-z2,graphs/cfi-rigid-z2/cfi-rigid-z2-0088-04-2,88,192,PI_DIST,1,42,2,27,8,3.26,40,336,176,864,544,8,6,2,189.4,112,4,132,4,108,0,11,1,0,180000,4,1.03,4,0,84,,,CERTIFIED,53,194.3
cfi-rigid-z2,graphs/cfi-rigid-z2/cfi-rigid-z2-0176-01-1,176,384,PI_DIST,1,42,2,56,4,3.14,140,608,352,1536,544,8,6,3,208.3,216,0,216,0,216,0,18,1,0,180000,4,1.02,0,0,176,,,CERTIFIED,161,214.2
cfi-rigid-z2,graphs/cfi-rigid-z2/cfi-rigid-z2-0176-01-2,176,384,PI_DIST,1,42,2,56,4,3.14,142,608,352,1536,544,8,6,2,224.3,216,0,216,0,216,0,19,1,0,180000,4,1.30,0,0,176,,,CERTIFIED,163,224.3
cfi-rigid-z2,graphs/cfi-rigid-z2/cfi-rigid-z2-0176-02-1,176,384,PI_DIST,1,42,2,56,4,3.14,133,608,352,1536,544,8,6,3,225.9,216,0,216,0,216,0,11,1,0,180000,4,1.22,0,0,176,,,CERTIFIED,147,225.9
cfi-rigid-z2,graphs/cfi-rigid-z2/cfi-rigid-z2-0176-02-2,176,384,PI_DIST,1,42,2,56,4,3.14,141,608,352,1536,544,8,6,2,235.8,216,0,216,0,216,0,11,1,0,180000,4,1.12,0,0,176,,,CERTIFIED,154,235.8
cfi-rigid-z2,graphs/cfi-rigid-z2/cfi-rigid-z2-0176-03-1,176,384,PI_DIST,1,42,2,56,4,3.14,134,608,352,1536,544,8,6,2,246.0,216,0,216,0,216,0,12,1,0,180000,4,1.14,0,0,176,,,CERTIFIED,148,247.5
cfi-rigid-z2,graphs/cfi-rigid-z2/cfi-rigid-z2-0176-03-2,176,384,PI_DIST,1,42,2,56,4,3.14,126,608,352,1536,544,8,6,2,271.1,216,0,216,0,216,0,11,1,0,180000,4,1.19,0,0,176,,,CERTIFIED,139,275.7
cfi-rigid-z2,graphs/cfi-rigid-z2/cfi-rigid-z2-0176-04-1,176,384,PI_DIST,1,42,2,56,4,3.14,140,608,352,1536,544,8,6,2,284.1,216,0,216,0,216,0,10,1,0,180000,4,1.09,0,0,176,,,CERTIFIED,152,284.7
cfi-rigid-z2,graphs/cfi-rigid-z2/cfi-rigid-z2-0176-04-2,176,384,PI_DIST,1,42,2,56,4,3.14,134,608,352,1536,544,8,6,2,288.3,216,0,216,0,216,0,10,1,0,180000,4,1.04,0,0,176,,,CERTIFIED,146,288.5
cfi-rigid-z2,graphs/cfi-rigid-z2/cfi-rigid-z2-0264-01-1,264,576,PI_DIST,1,42,2,84,4,3.14,301,912,528,2304,544,8,6,4,304.2,324,0,324,0,324,0,81,2,0,180000,4,1.07,0,0,264,,,CERTIFIED,386,312.8
cfi-rigid-z2,graphs/cfi-rigid-z2/cfi-rigid-z2-0264-01-2,264,576,PI_DIST,1,42,2,84,4,3.14,290,912,528,2304,544,8,6,4,316.2,324,0,324,0,324,0,16,1,0,180000,4,1.05,0,0,264,,,CERTIFIED,310,316.3
cfi-rigid-z2,graphs/cfi-rigid-z2/cfi-rigid-z2-0264-02-1,264,576,PI_DIST,1,42,2,84,4,3.14,284,912,528,2304,544,8,6,3,330.1,324,0,324,0,324,0,16,2,0,180000,4,1.10,0,0,264,,,CERTIFIED,303,330.1
cfi-rigid-z2,graphs/cfi-rigid-z2/cfi-rigid-z2-0264-02-2,264,576,PI_DIST,1,42,2,84,4,3.14,300,912,528,2304,544,8,6,3,332.7,324,0,324,0,324,0,15,1,0,180000,4,1.05,0,0,264,,,CERTIFIED,318,332.7
cfi-rigid-z2,graphs/cfi-rigid-z2/cfi-rigid-z2-0264-03-1,264,576,PI_DIST,1,42,2,84,4,3.14,428,912,528,2304,544,8,6,3,333.6,324,0,324,0,324,0,15,2,0,180000,4,1.08,0,0,264,,,CERTIFIED,446,333.8
cfi-rigid-z2,graphs/cfi-rigid-z2/cfi-rigid-z2-0264-03-2,264,576,PI_DIST,1,42,2,84,4,3.14,407,912,528,2304,544,8,6,3,332.9,324,0,324,0,324,0,17,2,0,180000,4,1.07,0,0,264,,,CERTIFIED,427,332.9
cfi-rigid-z2,graphs/cfi-rigid-z2/cfi-rigid-z2-0264-04-1,264,576,PI_DIST,1,42,2,83,8,3.18,413,944,528,2400,608,8,6,3,333.9,328,4,348,4,324,0,26,1,0,180000,4,1.14,4,0,260,,,CERTIFIED,442,333.0
cfi-rigid-z2,graphs/cfi-rigid-z2/cfi-rigid-z2-0264-04-2,264,576,PI_DIST,1,42,2,83,8,3.18,390,944,528,2400,544,8,6,3,334.1,328,4,348,4,324,0,18,1,0,180000,4,1.14,4,0,260,,,CERTIFIED,411,334.1
cfi-rigid-z2,graphs/cfi-rigid-z2/cfi-rigid-z2-0352-01-1,352,768,PI_DIST,1,42,2,112,4,3.14,809,1216,704,3072,544,8,6,4,336.1,432,0,432,0,432,0,19,2,0,180000,4,1.06,0,0,352,,,CERTIFIED,832,336.4
cfi-rigid-z2,graphs/cfi-rigid-z2/cfi-rigid-z2-0352-01-2,352,768,PI_DIST,1,42,2,112,4,3.14,520,1216,704,3072,544,8,6,4,344.1,432,0,432,0,432,0,17,2,0,180000,4,1.04,0,0,352,,,CERTIFIED,541,344.1
cfi-rigid-z2,graphs/cfi-rigid-z2/cfi-rigid-z2-0352-02-1,352,768,PI_DIST,1,42,2,112,4,3.14,104,1216,704,3072,544,8,6,3,346.6,432,0,432,0,432,0,29,2,0,180000,4,1.05,0,0,352,,,CERTIFIED,136,346.6
cfi-rigid-z2,graphs/cfi-rigid-z2/cfi-rigid-z2-0352-02-2,352,768,PI_DIST,1,42,2,112,4,3.14,130,1216,704,3072,544,8,6,4,351.7,432,0,432,0,432,0,21,1,0,180000,4,1.03,0,0,352,,,CERTIFIED,155,365.8
cfi-rigid-z2,graphs/cfi-rigid-z2/cfi-rigid-z2-0352-03-1,352,768,PI_DIST,1,42,2,112,4,3.14,107,1216,704,3072,544,8,6,4,377.9,432,0,432,0,432,0,27,2,0,180000,4,1.02,0,0,352,,,CERTIFIED,138,377.4
cfi-rigid-z2,graphs/cfi-rigid-z2/cfi-rigid-z2-0352-03-2,352,768,PI_DIST,1,42,2,112,4,3.14,101,1216,704,3072,544,8,6,3,378.0,432,0,432,0,432,0,29,4,0,180000,4,1.04,0,0,352,,,CERTIFIED,133,377.5
cfi-rigid-z2,graphs/cfi-rigid-z2/cfi-rigid-z2-0352-04-1,352,768,PI_DIST,1,42,2,112,4,3.14,108,1216,704,3072,544,8,6,3,378.0,432,0,432,0,432,0,19,1,0,180000,4,1.06,0,0,352,,,CERTIFIED,130,378.0
cfi-rigid-z2,graphs/cfi-rigid-z2/cfi-rigid-z2-0352-04-2,352,768,PI_DIST,1,42,2,112,4,3.14,110,1216,704,3072,544,8,6,4,377.5,432,0,432,0,432,0,19,2,0,180000,4,1.08,0,0,352,,,CERTIFIED,133,377.5
cfi-rigid-z2,graphs/cfi-rigid-z2/cfi-rigid-z2-0440-01-1,440,960,PI_DIST,1,42,2,140,4,3.14,181,1520,880,3840,544,8,6,5,436.2,540,0,540,0,540,0,25,2,0,180000,4,1.07,0,0,440,,,CERTIFIED,211,437.9
cfi-rigid-z2,graphs/cfi-rigid-z2/cfi-rigid-z2-0440-01-2,440,960,PI_DIST,1,42,2,140,4,3.14,170,1520,880,3840,544,8,6,5,437.9,540,0,540,0,540,0,22,2,0,180000,4,1.05,0,0,440,,,CERTIFIED,197,438.0
cfi-rigid-z2,graphs/cfi-rigid-z2/cfi-rigid-z2-0440-02-1,440,960,PI_DIST,1,42,2,140,4,3.14,153,1520,880,3840,544,8,6,5,438.0,540,0,540,0,540,0,33,9,0,180000,4,1.04,0,0,440,,,CERTIFIED,191,438.0
cfi-rigid-z2,graphs/cfi-rigid-z2/cfi-rigid-z2-0440-02-2,440,960,PI_DIST,1,42,2,140,4,3.14,177,1520,880,3840,544,8,6,5,441.2,540,0,540,0,540,0,35,2,0,180000,4,1.05,0,0,440,,,CERTIFIED,217,453.2
cfi-rigid-z2,graphs/cfi-rigid-z2/cfi-rigid-z2-0440-03-1,440,960,PI_DIST,1,42,2,140,4,3.14,159,1520,880,3840,544,8,6,5,488.3,540,0,540,0,540,0,24,2,0,180000,4,1.06,0,0,440,,,CERTIFIED,188,488.3
cfi-rigid-z2,graphs/cfi-rigid-z2/cfi-rigid-z2-0440-03-2,440,960,PI_DIST,1,42,2,140,4,3.14,154,1520,880,3840,544,8,6,5,487.9,540,0,540,0,540,0,25,3,0,180000,4,1.00,0,0,440,,,CERTIFIED,184,487.9
cfi-rigid-z2,graphs/cfi-rigid-z2/cfi-rigid-z2-0440-04-1,440,960,PI_DIST,1,42,2,140,4,3.14,147,1520,880,3840,544,8,6,5,487.9,540,0,540,0,540,0,23,3,0,180000,4,1.06,0,0,440,,,CERTIFIED,175,487.9
cfi-rigid-z2,graphs/cfi-rigid-z2/cfi-rigid-z2-0440-04-2,440,960,PI_DIST,1,42,2,140,4,3.14,149,1520,880,3840,544,8,6,5,487.9,540,0,540,0,540,0,26,3,0,180000,4,1.06,0,0,440,,,CERTIFIED,180,487.9
cfi-rigid-z2,graphs/cfi-rigid-z2/cfi-rigid-z2-0528-01-1,528,1152,PI_DIST,1,42,2,168,4,3.14,207,1824,1056,4608,544,8,6,7,488.6,648,0,648,0,648,0,29,4,0,180000,4,1.03,0,0,528,,,CERTIFIED,243,489.1
cfi-rigid-z2,graphs/cfi-rigid-z2/cfi-rigid-z2-0528-01-2,528,1152,PI_DIST,1,42,2,168,4,3.14,205,1824,1056,4608,544,8,6,6,489.2,648,0,648,0,648,0,38,8,0,180000,4,1.02,0,0,528,,,CERTIFIED,249,489.2
cfi-rigid-z2,graphs/cfi-rigid-z2/cfi-rigid-z2-0528-02-1,528,1152,PI_DIST,1,42,2,168,4,3.14,206,1824,1056,4608,544,8,6,6,492.8,648,0,648,0,648,0,28,3,0,180000,4,1.05,0,0,528,,,CERTIFIED,240,492.8
cfi-rigid-z2,graphs/cfi-rigid-z2/cfi-rigid-z2-0528-02-2,528,1152,PI_DIST,1,42,2,168,4,3.14,205,1824,1056,4608,544,8,6,6,492.8,648,0,648,0,648,0,29,3,0,180000,4,1.08,0,0,528,,,CERTIFIED,240,492.8
cfi-rigid-z2,graphs/cfi-rigid-z2/cfi-rigid-z2-0528-03-1,528,1152,PI_DIST,1,42,2,168,4,3.14,218,1824,1056,4608,544,8,6,6,545.5,648,0,648,0,648,0,33,5,0,180000,4,1.04,0,0,528,,,CERTIFIED,257,545.5
cfi-rigid-z2,graphs/cfi-rigid-z2/cfi-rigid-z2-0528-03-2,528,1152,PI_DIST,1,42,2,168,4,3.14,205,1824,1056,4608,544,8,6,6,545.5,648,0,648,0,648,0,32,4,0,180000,4,1.03,0,0,528,,,CERTIFIED,243,545.5
cfi-rigid-z2,graphs/cfi-rigid-z2/cfi-rigid-z2-0528-04-1,528,1152,PI_DIST,1,42,2,168,4,3.14,203,1824,1056,4608,544,8,6,6,545.4,648,0,648,0,648,0,33,3,0,180000,4,1.04,0,0,528,,,CERTIFIED,242,548.5
cfi-rigid-z2,graphs/cfi-rigid-z2/cfi-rigid-z2-0528-04-2,528,1152,PI_DIST,1,42,2,168,4,3.14,209,1824,1056,4608,544,8,6,6,548.5,648,0,648,0,648,0,26,3,0,180000,4,1.03,0,0,528,,,CERTIFIED,241,548.5
cfi-rigid-z2,graphs/cfi-rigid-z2/cfi-rigid-z2-0616-01-1,616,1344,PI_DIST,1,42,2,196,4,3.14,322,2128,1232,5376,544,8,6,8,550.3,756,0,756,0,756,0,43,4,0,180000,4,1.04,0,0,616,,,CERTIFIED,373,551.2
cfi-rigid-z2,graphs/cfi-rigid-z2/cfi-rigid-z2-0616-01-2,616,1344,PI_DIST,1,42,2,196,4,3.14,272,2128,1232,5376,544,8,6,8,556.4,756,0,756,0,756,0,38,5,0,180000,4,1.06,0,0,616,,,CERTIFIED,318,556.4
cfi-rigid-z2,graphs/cfi-rigid-z2/cfi-rigid-z2-0616-02-1,616,1344,PI_DIST,1,42,2,196,4,3.14,269,2128,1232,5376,544,8,6,8,556.4,756,0,756,0,756,0,40,5,0,180000,4,1.03,0,0,616,,,CERTIFIED,317,556.4
cfi-rigid-z2,graphs/cfi-rigid-z2/cfi-rigid-z2-0616-02-2,616,1344,PI_DIST,1,42,2,196,4,3.14,279,2128,1232,5376,544,8,6,8,556.4,756,0,756,0,756,0,38,4,0,180000,4,1.03,0,0,616,,,CERTIFIED,325,556.4
cfi-rigid-z2,graphs/cfi-rigid-z2/cfi-rigid-z2-0616-03-1,616,1344,PI_DIST,1,42,2,196,4,3.14,306,2128,1232,5376,544,8,6,8,556.4,756,0,756,0,756,0,35,4,0,180000,4,1.03,0,0,616,,,CERTIFIED,349,556.4
cfi-rigid-z2,graphs/cfi-rigid-z2/cfi-rigid-z2-0616-03-2,616,1344,PI_DIST,1,42,2,196,4,3.14,258,2128,1232,5376,544,8,6,8,556.4,756,0,756,0,756,0,46,5,0,180000,4,1.03,0,0,616,,,CERTIFIED,312,556.4
cfi-rigid-z2,graphs/cfi-rigid-z2/cfi-rigid-z2-0616-04-1,616,1344,PI_DIST,1,42,2,196,4,3.14,263,2128,1232,5376,544,8,6,7,556.6,756,0,756,0,756,0,36,5,0,180000,4,1.04,0,0,616,,,CERTIFIED,306,556.6
cfi-rigid-z2,graphs/cfi-rigid-z2/cfi-rigid-z2-0616-04-2,616,1344,PI_DIST,1,42,2,196,4,3.14,259,2128,1232,5376,544,8,6,8,556.6,756,0,756,0,756,0,40,6,0,180000,4,1.02,0,0,616,,,CERTIFIED,307,556.6
cfi-rigid-z2,graphs/cfi-rigid-z2/cfi-rigid-z2-0704-01-1,704,1536,PI_DIST,1,42,2,224,4,3.14,383,2432,1408,6144,544,8,6,9,556.6,864,0,864,0,864,0,51,8,0,180000,4,1.04,0,0,704,,,CERTIFIED,443,556.6
cfi-rigid-z2,graphs/cfi-rigid-z2/cfi-rigid-z2-0704-01-2,704,1536,PI_DIST,1,42,2,224,4,3.14,333,2432,1408,6144,544,8,6,9,556.6,864,0,864,0,864,0,52,9,0,180000,4,1.01,0,0,704,,,CERTIFIED,394,556.6
cfi-rigid-z2,graphs/cfi-rigid-z2/cfi-rigid-z2-0704-02-1,704,1536,PI_DIST,1,42,2,224,4,3.14,325,2432,1408,6144,544,8,6,8,556.6,864,0,864,0,864,0,44,6,0,180000,4,1.02,0,0,704,,,CERTIFIED,377,556.6
cfi-rigid-z2,graphs/cfi-rigid-z2/cfi-rigid-z2-0704-02-2,704,1536,PI_DIST,1,42,2,224,4,3.14,316,2432,1408,6144,544,8,6,15,556.6,864,0,864,0,864,0,45,6,0,180000,4,1.02,0,0,704,,,CERTIFIED,376,556.6
cfi-rigid-z2,graphs/cfi-rigid-z2/cfi-rigid-z2-0704-03-1,704,1536,PI_DIST,1,42,2,224,4,3.14,323,2432,1408,6144,544,8,6,9,556.6,864,0,864,0,864,0,53,7,0,180000,4,1.03,0,0,704,,,CERTIFIED,385,556.6
cfi-rigid-z2,graphs/cfi-rigid-z2/cfi-rigid-z2-0704-03-2,704,1536,PI_DIST,1,42,2,224,4,3.14,330,2432,1408,6144,544,8,6,9,563.6,864,0,864,0,864,0,49,6,0,180000,4,1.03,0,0,704,,,CERTIFIED,388,563.6
cfi-rigid-z2,graphs/cfi-rigid-z2/cfi-rigid-z2-0704-04-1,704,1536,PI_DIST,1,42,2,224,4,3.14,318,2432,1408,6144,544,8,6,9,563.6,864,0,864,0,864,0,47,7,0,180000,4,1.02,0,0,704,,,CERTIFIED,374,563.6
cfi-rigid-z2,graphs/cfi-rigid-z2/cfi-rigid-z2-0704-04-2,704,1536,PI_DIST,1,42,2,224,4,3.14,348,2432,1408,6144,544,8,6,10,674.0,864,0,864,0,864,0,51,10,0,180000,4,1.14,0,0,704,,,CERTIFIED,409,674.2
cfi-rigid-z2,graphs/cfi-rigid-z2/cfi-rigid-z2-0792-01-1,792,1728,PI_DIST,1,42,2,252,4,3.14,417,2736,1584,6912,544,8,6,11,676.1,972,0,972,0,972,0,63,9,0,180000,4,1.02,0,0,792,,,CERTIFIED,491,677.4
cfi-rigid-z2,graphs/cfi-rigid-z2/cfi-rigid-z2-0792-01-2,792,1728,PI_DIST,1,42,2,252,4,3.14,413,2736,1584,6912,544,8,6,11,677.4,972,0,972,0,972,0,60,13,0,180000,4,1.04,0,0,792,,,CERTIFIED,484,677.4
cfi-rigid-z2,graphs/cfi-rigid-z2/cfi-rigid-z2-0792-02-1,792,1728,PI_DIST,1,42,2,252,4,3.14,415,2736,1584,6912,544,8,6,10,677.4,972,0,972,0,972,0,50,6,0,180000,4,1.02,0,0,792,,,CERTIFIED,475,677.7
cfi-rigid-z2,graphs/cfi-rigid-z2/cfi-rigid-z2-0792-02-2,792,1728,PI_DIST,1,42,2,252,4,3.14,411,2736,1584,6912,544,8,6,10,677.6,972,0,972,0,972,0,65,10,0,180000,4,1.04,0,0,792,,,CERTIFIED,486,677.6
cfi-rigid-z2,graphs/cfi-rigid-z2/cfi-rigid-z2-0792-03-1,792,1728,PI_DIST,1,42,2,252,4,3.14,404,2736,1584,6912,544,8,6,11,677.7,972,0,972,0,972,0,63,14,0,180000,4,1.01,0,0,792,,,CERTIFIED,478,677.7
cfi-rigid-z2,graphs/cfi-rigid-z2/cfi-rigid-z2-0792-03-2,792,1728,PI_DIST,1,42,2,252,4,3.14,408,2736,1584,6912,544,8,6,11,677.8,972,0,972,0,972,0,62,16,0,180000,4,1.01,0,0,792,,,CERTIFIED,481,678.1
cfi-rigid-z2,graphs/cfi-rigid-z2/cfi-rigid-z2-0792-04-1,792,1728,PI_DIST,1,42,2,252,4,3.14,416,2736,1584,6912,544,8,6,11,736.2,972,0,972,0,972,0,55,9,0,180000,4,1.11,0,0,792,,,CERTIFIED,482,736.3
cfi-rigid-z2,graphs/cfi-rigid-z2/cfi-rigid-z2-0792-04-2,792,1728,PI_DIST,1,42,2,252,4,3.14,415,2736,1584,6912,544,8,6,11,736.3,972,0,972,0,972,0,43,6,0,180000,4,1.04,0,0,792,,,CERTIFIED,469,736.3
cfi-rigid-z2,graphs/cfi-rigid-z2/cfi-rigid-z2-0880-01-1,880,1920,PI_DIST,1,42,2,280,4,3.14,496,3040,1760,7680,544,8,6,12,738.5,1080,0,1080,0,1080,0,70,14,0,180000,4,1.04,0,0,880,,,CERTIFIED,578,739.5
cfi-rigid-z2,graphs/cfi-rigid-z2/cfi-rigid-z2-0880-01-2,880,1920,PI_DIST,1,42,2,280,4,3.14,499,3040,1760,7680,544,8,6,12,739.4,1080,0,1080,0,1080,0,72,19,0,180000,4,1.04,0,0,880,,,CERTIFIED,583,739.5
cfi-rigid-z2,graphs/cfi-rigid-z2/cfi-rigid-z2-0880-02-1,880,1920,PI_DIST,1,42,2,280,4,3.14,488,3040,1760,7680,544,8,6,12,739.6,1080,0,1080,0,1080,0,79,15,0,180000,4,1.01,0,0,880,,,CERTIFIED,579,739.9
cfi-rigid-z2,graphs/cfi-rigid-z2/cfi-rigid-z2-0880-02-2,880,1920,PI_DIST,1,42,2,280,4,3.14,491,3040,1760,7680,544,8,6,12,739.9,1080,0,1080,0,1080,0,83,24,0,180000,4,1.03,0,0,880,,,CERTIFIED,586,739.9
cfi-rigid-z2,graphs/cfi-rigid-z2/cfi-rigid-z2-0880-03-1,880,1920,PI_DIST,1,42,2,279,8,3.15,503,3072,1760,7776,544,8,6,12,739.8,1084,4,1104,4,1080,0,73,11,0,180000,4,1.10,4,0,876,,,CERTIFIED,588,739.9
cfi-rigid-z2,graphs/cfi-rigid-z2/cfi-rigid-z2-0880-03-2,880,1920,PI_DIST,1,42,2,279,8,3.15,530,3072,1760,7776,544,8,6,20,739.9,1084,4,1104,4,1080,0,69,12,0,180000,4,1.04,4,0,876,,,CERTIFIED,619,745.8
cfi-rigid-z2,graphs/cfi-rigid-z2/cfi-rigid-z2-0880-04-1,880,1920,PI_DIST,1,42,2,280,4,3.14,495,3040,1760,7680,544,8,6,12,746.0,1080,0,1080,0,1080,0,84,19,0,180000,4,1.04,0,0,880,,,CERTIFIED,591,746.5
cfi-rigid-z2,graphs/cfi-rigid-z2/cfi-rigid-z2-0880-04-2,880,1920,PI_DIST,1,42,2,280,4,3.14,498,3040,1760,7680,544,8,6,12,746.5,1080,0,1080,0,1080,0,76,13,0,180000,4,1.01,0,0,880,,,CERTIFIED,586,746.7
cfi-rigid-z2,graphs/cfi-rigid-z2/cfi-rigid-z2-0968-01-1,968,2112,PI_DIST,1,42,2,308,4,3.14,573,3344,1936,8448,544,8,6,16,760.0,1188,0,1188,0,1188,0,104,28,0,180000,4,1.27,0,0,968,,,CERTIFIED,693,761.4
cfi-rigid-z2,graphs/cfi-rigid-z2/cfi-rigid-z2-0968-01-2,968,2112,PI_DIST,1,42,2,308,4,3.14,600,3344,1936,8448,544,8,6,14,761.4,1188,0,1188,0,1188,0,85,25,0,180000,4,1.04,0,0,968,,,CERTIFIED,699,761.6
cfi-rigid-z2,graphs/cfi-rigid-z2/cfi-rigid-z2-0968-02-1,968,2112,PI_DIST,1,42,2,308,4,3.14,616,3344,1936,8448,544,8,6,14,761.5,1188,0,1188,0,1188,0,94,20,0,180000,4,1.07,0,0,968,,,CERTIFIED,724,761.5
cfi-rigid-z2,graphs/cfi-rigid-z2/cfi-rigid-z2-0968-02-2,968,2112,PI_DIST,1,42,2,308,4,3.14,641,3344,1936,8448,544,8,6,14,776.7,1188,0,1188,0,1188,0,84,28,0,180000,4,1.07,0,0,968,,,CERTIFIED,739,777.0
cfi-rigid-z2,graphs/cfi-rigid-z2/cfi-rigid-z2-0968-03-1,968,2112,PI_DIST,1,42,2,308,4,3.14,643,3344,1936,8448,544,8,6,14,776.9,1188,0,1188,0,1188,0,94,25,0,180000,4,1.11,0,0,968,,,CERTIFIED,751,777.1
cfi-rigid-z2,graphs/cfi-rigid-z2/cfi-rigid-z2-0968-03-2,968,2112,PI_DIST,1,42,2,308,4,3.14,632,3344,1936,8448,544,8,6,14,777.4,1188,0,1188,0,1188,0,104,25,0,180000,4,1.01,0,0,968,,,CERTIFIED,750,777.4
cfi-rigid-z2,graphs/cfi-rigid-z2/cfi-rigid-z2-0968-04-1,968,2112,PI_DIST,1,42,2,308,4,3.14,619,3344,1936,8448,544,8,6,15,790.5,1188,0,1188,0,1188,0,69,23,0,180000,4,1.15,0,0,968,,,CERTIFIED,703,790.6
cfi-rigid-z2,graphs/cfi-rigid-z2/cfi-rigid-z2-0968-04-2,968,2112,PI_DIST,1,42,2,308,4,3.14,615,3344,1936,8448,544,8,6,15,790.5,1188,0,1188,0,1188,0,73,18,0,180000,4,1.09,0,0,968,,,CERTIFIED,703,790.5
cfi-rigid-z2,graphs/cfi-rigid-z2/cfi-rigid-z2-1056-01-1,1056,2304,PI_DIST,1,42,2,336,4,3.14,701,3648,2112,9216,544,8,6,16,793.1,1296,0,1296,0,1296,0,99,19,0,180000,4,1.03,0,0,1056,,,CERTIFIED,816,793.8
cfi-rigid-z2,graphs/cfi-rigid-z2/cfi-rigid-z2-1056-01-2,1056,2304,PI_DIST,1,42,2,336,4,3.14,713,3648,2112,9216,544,8,6,16,793.8,1296,0,1296,0,1296,0,149,67,0,180000,4,1.30,0,0,1056,,,CERTIFIED,878,794.6
cfi-rigid-z2,graphs/cfi-rigid-z2/cfi-rigid-z2-1056-02-1,1056,2304,PI_DIST,1,42,2,336,4,3.14,702,3648,2112,9216,544,8,6,16,810.1,1296,0,1296,0,1296,0,88,15,0,180000,4,1.05,0,0,1056,,,CERTIFIED,806,810.1
cfi-rigid-z2,graphs/cfi-rigid-z2/cfi-rigid-z2-1056-02-2,1056,2304,PI_DIST,1,42,2,336,4,3.14,707,3648,2112,9216,544,8,6,16,825.6,1296,0,1296,0,1296,0,148,79,0,180000,4,1.21,0,0,1056,,,CERTIFIED,871,826.7
cfi-rigid-z2,graphs/cfi-rigid-z2/cfi-rigid-z2-1056-03-1,1056,2304,PI_DIST,1,42,2,336,4,3.14,681,3648,2112,9216,544,8,6,16,826.7,1296,0,1296,0,1296,0,148,67,0,180000,4,1.09,0,0,1056,,,CERTIFIED,845,826.7
cfi-rigid-z2,graphs/cfi-rigid-z2/cfi-rigid-z2-1056-03-2,1056,2304,PI_DIST,1,42,2,336,4,3.14,690,3648,2112,9216,544,8,6,26,826.8,1296,0,1296,0,1296,0,118,26,0,180000,4,1.04,0,0,1056,,,CERTIFIED,834,826.8
cfi-rigid-z2,graphs/cfi-rigid-z2/cfi-rigid-z2-1056-04-1,1056,2304,PI_DIST,1,42,2,336,4,3.14,680,3648,2112,9216,544,8,6,16,826.8,1296,0,1296,0,1296,0,145,39,0,180000,4,1.05,0,0,1056,,,CERTIFIED,841,827.6
cfi-rigid-z2,graphs/cfi-rigid-z2/cfi-rigid-z2-1056-04-2,1056,2304,PI_DIST,1,42,2,336,4,3.14,742,3648,2112,9216,544,8,6,16,843.1,1296,0,1296,0,1296,0,124,57,0,180000,4,1.02,0,0,1056,,,CERTIFIED,882,843.3
cfi-rigid-z2,graphs/cfi-rigid-z2/cfi-rigid-z2-1144-01-1,1144,2496,PI_DIST,1,42,2,364,4,3.14,835,3952,2288,9984,544,8,6,18,845.9,1404,0,1404,0,1404,0,176,49,0,180000,4,1.02,0,0,1144,,,CERTIFIED,1029,851.8
cfi-rigid-z2,graphs/cfi-rigid-z2/cfi-rigid-z2-1144-01-2,1144,2496,PI_DIST,1,42,2,364,4,3.14,845,3952,2288,9984,544,8,6,18,869.7,1404,0,1404,0,1404,0,197,67,0,180000,4,1.04,0,0,1144,,,CERTIFIED,1060,870.5
cfi-rigid-z2,graphs/cfi-rigid-z2/cfi-rigid-z2-1144-02-1,1144,2496,PI_DIST,1,42,2,364,4,3.14,843,3952,2288,9984,544,8,6,18,870.4,1404,0,1404,0,1404,0,186,52,0,180000,4,1.04,0,0,1144,,,CERTIFIED,1047,871.3
cfi-rigid-z2,graphs/cfi-rigid-z2/cfi-rigid-z2-1144-02-2,1144,2496,PI_DIST,1,42,2,364,4,3.14,872,3952,2288,9984,544,8,6,18,926.4,1404,0,1404,0,1404,0,183,69,0,180000,4,1.01,0,0,1144,,,CERTIFIED,1073,926.5
cfi-rigid-z2,graphs/cfi-rigid-z2/cfi-rigid-z2-1144-03-1,1144,2496,PI_DIST,1,42,2,364,4,3.14,861,3952,2288,9984,544,8,6,18,926.4,1404,0,1404,0,1404,0,140,69,0,180000,4,1.10,0,0,1144,,,CERTIFIED,1019,926.6
cfi-rigid-z2,graphs/cfi-rigid-z2/cfi-rigid-z2-1144-03-2,1144,2496,PI_DIST,1,42,2,364,4,3.14,838,3952,2288,9984,544,8,6,19,930.0,1404,0,1404,0,1404,0,133,55,0,180000,4,1.04,0,0,1144,,,CERTIFIED,990,931.7
cfi-rigid-z2,graphs/cfi-rigid-z2/cfi-rigid-z2-1144-04-1,1144,2496,PI_DIST,1,42,2,364,4,3.14,831,3952,2288,9984,544,8,6,18,931.5,1404,0,1404,0,1404,0,135,38,0,180000,4,1.02,0,0,1144,,,CERTIFIED,984,931.7
cfi-rigid-z2,graphs/cfi-rigid-z2/cfi-rigid-z2-1144-04-2,1144,2496,PI_DIST,1,42,2,364,4,3.14,845,3952,2288,9984,544,8,6,26,931.8,1404,0,1404,0,1404,0,191,102,0,180000,4,1.08,0,0,1144,,,CERTIFIED,1062,931.8
cfi-rigid-z2,graphs/cfi-rigid-z2/cfi-rigid-z2-1232-01-1,1232,2688,PI_DIST,1,42,2,392,4,3.14,980,4256,2464,10752,544,8,6,21,934.9,1512,0,1512,0,1512,0,226,91,0,180000,4,1.23,0,0,1232,,,CERTIFIED,1227,938.4
cfi-rigid-z2,graphs/cfi-rigid-z2/cfi-rigid-z2-1232-01-2,1232,2688,PI_DIST,1,42,2,392,4,3.14,999,4256,2464,10752,544,8,6,20,993.4,1512,0,1512,0,1512,0,225,92,0,180000,4,1.11,0,0,1232,,,CERTIFIED,1244,995.4
cfi-rigid-z2,graphs/cfi-rigid-z2/cfi-rigid-z2-1232-02-1,1232,2688,PI_DIST,1,42,2,392,4,3.14,968,4256,2464,10752,544,8,6,21,1015.9,1512,0,1512,0,1512,0,186,50,0,180000,4,1.08,0,0,1232,,,CERTIFIED,1175,1016.0
cfi-rigid-z2,graphs/cfi-rigid-z2/cfi-rigid-z2-1232-02-2,1232,2688,PI_DIST,1,42,2,392,4,3.14,982,4256,2464,10752,544,8,6,23,1036.6,1512,0,1512,0,1512,0,178,60,0,180000,4,1.05,0,0,1232,,,CERTIFIED,1183,1036.8
cfi-rigid-z2,graphs/cfi-rigid-z2/cfi-rigid-z2-1232-03-1,1232,2688,PI_DIST,1,42,2,392,4,3.14,964,4256,2464,10752,544,8,6,31,1057.4,1512,0,1512,0,1512,0,194,65,0,180000,4,1.23,0,0,1232,,,CERTIFIED,1189,1057.6
cfi-rigid-z2,graphs/cfi-rigid-z2/cfi-rigid-z2-1232-03-2,1232,2688,PI_DIST,1,42,2,392,4,3.14,968,4256,2464,10752,544,8,6,23,1057.4,1512,0,1512,0,1512,0,175,52,0,180000,4,1.06,0,0,1232,,,CERTIFIED,1166,1057.6
cfi-rigid-z2,graphs/cfi-rigid-z2/cfi-rigid-z2-1232-04-1,1232,2688,PI_DIST,1,42,2,392,4,3.14,956,4256,2464,10752,544,8,6,22,1057.4,1512,0,1512,0,1512,0,176,78,0,180000,4,1.08,0,0,1232,,,CERTIFIED,1154,1057.6
cfi-rigid-z2,graphs/cfi-rigid-z2/cfi-rigid-z2-1232-04-2,1232,2688,PI_DIST,1,42,2,392,4,3.14,962,4256,2464,10752,544,8,6,22,1057.5,1512,0,1512,0,1512,0,162,61,0,180000,4,1.01,0,0,1232,,,CERTIFIED,1146,1057.5
cfi-rigid-z2,graphs/cfi-rigid-z2/cfi-rigid-z2-1320-01-1,1320,2880,PI_DIST,1,42,2,420,4,3.14,1109,4560,2640,11520,544,8,6,24,1060.4,1620,0,1620,0,1620,0,224,101,0,180000,4,1.09,0,0,1320,,,CERTIFIED,1357,1062.0
cfi-rigid-z2,graphs/cfi-rigid-z2/cfi-rigid-z2-1320-01-2,1320,2880,PI_DIST,1,42,2,420,4,3.14,1131,4560,2640,11520,544,8,6,24,1085.4,1620,0,1620,0,1620,0,210,91,0,180000,4,1.17,0,0,1320,,,CERTIFIED,1365,1085.5
cfi-rigid-z2,graphs/cfi-rigid-z2/cfi-rigid-z2-1320-02-1,1320,2880,PI_DIST,1,42,2,420,4,3.14,1094,4560,2640,11520,544,8,6,24,1085.5,1620,0,1620,0,1620,0,356,150,0,180000,4,1.49,0,0,1320,,,CERTIFIED,1474,1087.3
cfi-rigid-z2,graphs/cfi-rigid-z2/cfi-rigid-z2-1320-02-2,1320,2880,PI_DIST,1,42,2,420,4,3.14,1083,4560,2640,11520,544,8,6,24,1110.6,1620,0,1620,0,1620,0,362,171,0,180000,4,1.59,0,0,1320,,,CERTIFIED,1469,1111.3
cfi-rigid-z2,graphs/cfi-rigid-z2/cfi-rigid-z2-1320-03-1,1320,2880,PI_DIST,1,42,2,420,4,3.14,1060,4560,2640,11520,544,8,6,23,1111.2,1620,0,1620,0,1620,0,263,108,0,180000,4,1.02,0,0,1320,,,CERTIFIED,1346,1111.3
cfi-rigid-z2,graphs/cfi-rigid-z2/cfi-rigid-z2-1320-03-2,1320,2880,PI_DIST,1,42,2,420,4,3.14,1095,4560,2640,11520,544,8,6,23,1134.7,1620,0,1620,0,1620,0,307,133,0,180000,4,1.41,0,0,1320,,,CERTIFIED,1425,1136.0
cfi-rigid-z2,graphs/cfi-rigid-z2/cfi-rigid-z2-1320-04-1,1320,2880,PI_DIST,1,42,2,420,4,3.14,1058,4560,2640,11520,544,8,6,23,1135.9,1620,0,1620,0,1620,0,363,155,0,180000,4,1.23,0,0,1320,,,CERTIFIED,1444,1138.3
cfi-rigid-z2,graphs/cfi-rigid-z2/cfi-rigid-z2-1320-04-2,1320,2880,PI_DIST,1,42,2,420,4,3.14,1071,4560,2640,11520,544,8,6,24,1161.7,1620,0,1620,0,1620,0,223,80,0,180000,4,1.09,0,0,1320,,,CERTIFIED,1318,1161.9
cfi-rigid-z2,graphs/cfi-rigid-z2/cfi-rigid-z2-1408-01-1,1408,3072,PI_DIST,1,42,2,448,4,3.14,1255,4864,2816,12288,544,8,6,28,1164.9,1728,0,1728,0,1728,0,373,159,0,180000,4,1.28,0,0,1408,,,CERTIFIED,1656,1166.8
cfi-rigid-z2,graphs/cfi-rigid-z2/cfi-rigid-z2-1408-01-2,1408,3072,PI_DIST,1,42,2,448,4,3.14,1257,4864,2816,12288,544,8,6,29,1166.7,1728,0,1728,0,1728,0,363,152,0,180000,4,1.37,0,0,1408,,,CERTIFIED,1649,1166.9
cfi-rigid-z2,graphs/cfi-rigid-z2/cfi-rigid-z2-1408-02-1,1408,3072,PI_DIST,1,42,2,448,4,3.14,1282,4864,2816,12288,544,8,6,37,1166.8,1728,0,1728,0,1728,0,412,208,0,180000,4,1.13,0,0,1408,,,CERTIFIED,1731,1168.2
cfi-rigid-z2,graphs/cfi-rigid-z2/cfi-rigid-z2-1408-02-2,1408,3072,PI_DIST,1,42,2,448,4,3.14,1251,4864,2816,12288,544,8,6,26,1168.0,1728,0,1728,0,1728,0,341,151,0,180000,4,1.32,0,0,1408,,,CERTIFIED,1618,1168.7
cfi-rigid-z2,graphs/cfi-rigid-z2/cfi-rigid-z2-1408-03-1,1408,3072,PI_DIST,1,42,2,448,4,3.14,1216,4864,2816,12288,544,8,6,25,1170.7,1728,0,1728,0,1728,0,330,130,0,180000,4,1.22,0,0,1408,,,CERTIFIED,1571,1170.8
cfi-rigid-z2,graphs/cfi-rigid-z2/cfi-rigid-z2-1408-03-2,1408,3072,PI_DIST,1,42,2,448,4,3.14,1293,4864,2816,12288,544,8,6,27,1221.8,1728,0,1728,0,1728,0,389,178,0,180000,4,1.18,0,0,1408,,,CERTIFIED,1709,1226.1
cfi-rigid-z2,graphs/cfi-rigid-z2/cfi-rigid-z2-1408-04-1,1408,3072,PI_DIST,1,42,2,448,4,3.14,1212,4864,2816,12288,544,8,6,25,1225.9,1728,0,1728,0,1728,0,393,172,0,180000,4,1.16,0,0,1408,,,CERTIFIED,1630,1226.4
cfi-rigid-z2,graphs/cfi-rigid-z2/cfi-rigid-z2-1408-04-2,1408,3072,PI_DIST,1,42,2,448,4,3.14,1232,4864,2816,12288,544,8,6,25,1226.2,1728,0,1728,0,1728,0,194,98,0,180000,4,1.04,0,0,1408,,,CERTIFIED,1451,1226.3
cfi-rigid-z2,graphs/cfi-rigid-z2/cfi-rigid-z2-1496-01-1,1496,3264,PI_DIST,1,42,2,476,4,3.14,1406,5168,2992,13056,544,8,6,29,1256.1,1836,0,1836,0,1836,0,415,182,0,180000,4,1.06,0,0,1496,,,CERTIFIED,1850,1261.8
cfi-rigid-z2,graphs/cfi-rigid-z2/cfi-rigid-z2-1496-01-2,1496,3264,PI_DIST,1,42,2,476,4,3.14,1393,5168,2992,13056,544,8,6,29,1291.5,1836,0,1836,0,1836,0,247,92,0,180000,4,1.07,0,0,1496,,,CERTIFIED,1669,1291.6
cfi-rigid-z2,graphs/cfi-rigid-z2/cfi-rigid-z2-1496-02-1,1496,3264,PI_DIST,1,42,2,476,4,3.14,1397,5168,2992,13056,544,8,6,28,1291.6,1836,0,1836,0,1836,0,257,102,0,180000,4,1.04,0,0,1496,,,CERTIFIED,1682,1291.6
cfi-rigid-z2,graphs/cfi-rigid-z2/cfi-rigid-z2-1496-02-2,1496,3264,PI_DIST,1,42,2,476,4,3.14,1347,5168,2992,13056,544,8,6,28,1291.6,1836,0,1836,0,1836,0,409,176,0,180000,4,1.05,0,0,1496,,,CERTIFIED,1784,1296.4
cfi-rigid-z2,graphs/cfi-rigid-z2/cfi-rigid-z2-1496-03-1,1496,3264,PI_DIST,1,42,2,476,4,3.14,1376,5168,2992,13056,544,8,6,28,1326.0,1836,0,1836,0,1836,0,476,241,0,180000,4,1.29,0,0,1496,,,CERTIFIED,1880,1326.6
cfi-rigid-z2,graphs/cfi-rigid-z2/cfi-rigid-z2-1496-03-2,1496,3264,PI_DIST,1,42,2,476,4,3.14,1382,5168,2992,13056,544,8,6,29,1356.3,1836,0,1836,0,1836,0,432,213,0,180000,4,1.01,0,0,1496,,,CERTIFIED,1843,1356.6
cfi-rigid-z2,graphs/cfi-rigid-z2/cfi-rigid-z2-1496-04-1,1496,3264,PI_DIST,1,42,2,476,4,3.14,1382,5168,2992,13056,544,8,6,29,1356.4,1836,0,1836,0,1836,0,452,117,0,180000,4,1.07,0,0,1496,,,CERTIFIED,1863,1356.6
cfi-rigid-z2,graphs/cfi-rigid-z2/cfi-rigid-z2-1496-04-2,1496,3264,PI_DIST,1,42,2,476,4,3.14,1401,5168,2992,13056,544,8,6,28,1356.6,1836,0,1836,0,1836,0,516,326,0,180000,4,1.33,0,0,1496,,,CERTIFIED,1945,1358.7
cfi-rigid-z2,graphs/cfi-rigid-z2/cfi-rigid-z2-1584-01-1,1584,3456,PI_DIST,1,42,2,504,4,3.14,1565,5472,3168,13824,544,8,6,32,1391.7,1944,0,1944,0,1944,0,469,351,0,180000,4,1.43,0,0,1584,,,CERTIFIED,2066,1392.5
cfi-rigid-z2,graphs/cfi-rigid-z2/cfi-rigid-z2-1584-01-2,1584,3456,PI_DIST,1,42,2,504,4,3.14,1508,5472,3168,13824,544,8,6,39,1392.4,1944,0,1944,0,1944,0,438,219,0,180000,4,1.27,0,0,1584,,,CERTIFIED,1985,1392.6
cfi-rigid-z2,graphs/cfi-rigid-z2/cfi-rigid-z2-1584-02-1,1584,3456,PI_DIST,1,42,2,504,4,3.14,1584,5472,3168,13824,544,8,6,34,1392.6,1944,0,1944,0,1944,0,578,406,0,180000,4,1.20,0,0,1584,,,CERTIFIED,2196,1403.1
cfi-rigid-z2,graphs/cfi-rigid-z2/cfi-rigid-z2-1584-02-2,1584,3456,PI_DIST,1,42,2,504,4,3.14,1600,5472,3168,13824,544,8,6,33,1436.1,1944,0,1944,0,1944,0,542,321,0,180000,4,1.06,0,0,1584,,,CERTIFIED,2175,1444.5
cfi-rigid-z2,graphs/cfi-rigid-z2/cfi-rigid-z2-1584-03-1,1584,3456,PI_DIST,1,42,2,504,4,3.14,1619,5472,3168,13824,544,8,6,34,1477.5,1944,0,1944,0,1944,0,806,459,0,180000,4,1.19,0,0,1584,,,CERTIFIED,2459,1477.6
cfi-rigid-z2,graphs/cfi-rigid-z2/cfi-rigid-z2-1584-03-2,1584,3456,PI_DIST,1,42,2,504,4,3.14,1591,5472,3168,13824,544,8,6,42,1477.5,1944,0,1944,0,1944,0,680,335,0,180000,4,1.71,0,0,1584,,,CERTIFIED,2313,1477.7
cfi-rigid-z2,graphs/cfi-rigid-z2/cfi-rigid-z2-1584-04-1,1584,3456,PI_DIST,1,42,2,504,4,3.14,1594,5472,3168,13824,544,8,6,31,1477.4,1944,0,1944,0,1944,0,517,370,0,180000,4,1.03,0,0,1584,,,CERTIFIED,2142,1487.6
cfi-rigid-z2,graphs/cfi-rigid-z2/cfi-rigid-z2-1584-04-2,1584,3456,PI_DIST,1,42,2,504,4,3.14,1597,5472,3168,13824,544,8,6,32,1520.4,1944,0,1944,0,1944,0,401,124,0,180000,4,1.47,0,0,1584,,,CERTIFIED,2030,1520.5
cfi-rigid-z2,graphs/cfi-rigid-z2/cfi-rigid-z2-1672-01-1,1672,3648,PI_DIST,1,42,2,532,4,3.14,1737,5776,3344,14592,544,8,6,35,1557.2,2052,0,2052,0,2052,0,832,451,0,180000,4,1.47,0,0,1672,,,CERTIFIED,2604,1559.0
cfi-rigid-z2,graphs/cfi-rigid-z2/cfi-rigid-z2-1672-01-2,1672,3648,PI_DIST,1,42,2,532,4,3.14,1732,5776,3344,14592,544,8,6,36,1595.4,2052,0,2052,0,2052,0,597,319,0,180000,4,1.06,0,0,1672,,,CERTIFIED,2365,1595.6
cfi-rigid-z2,graphs/cfi-rigid-z2/cfi-rigid-z2-1672-02-1,1672,3648,PI_DIST,1,42,2,532,4,3.14,1812,5776,3344,14592,544,8,6,36,1595.5,2052,0,2052,0,2052,0,578,369,0,180000,4,1.04,0,0,1672,,,CERTIFIED,2426,1595.6
cfi-rigid-z2,graphs/cfi-rigid-z2/cfi-rigid-z2-1672-02-2,1672,3648,PI_DIST,1,42,2,532,4,3.14,1742,5776,3344,14592,544,8,6,34,1632.1,2052,0,2052,0,2052,0,639,275,0,180000,4,1.03,0,0,1672,,,CERTIFIED,2415,1632.2
cfi-rigid-z2,graphs/cfi-rigid-z2/cfi-rigid-z2-1672-03-1,1672,3648,PI_DIST,1,42,2,532,4,3.14,1738,5776,3344,14592,544,8,6,35,1668.8,2052,0,2052,0,2052,0,511,361,0,180000,4,1.00,0,0,1672,,,CERTIFIED,2284,1668.8
cfi-rigid-z2,graphs/cfi-rigid-z2/cfi-rigid-z2-1672-03-2,1672,3648,PI_DIST,1,42,2,532,4,3.14,1718,5776,3344,14592,544,8,6,34,1668.8,2052,0,2052,0,2052,0,450,127,0,180000,4,1.18,0,0,1672,,,CERTIFIED,2202,1668.9
cfi-rigid-z2,graphs/cfi-rigid-z2/cfi-rigid-z2-1672-04-1,1672,3648,PI_DIST,1,42,2,532,4,3.14,1711,5776,3344,14592,544,8,6,33,1705.4,2052,0,2052,0,2052,0,593,470,0,180000,4,1.27,0,0,1672,,,CERTIFIED,2337,1705.5
cfi-rigid-z2,graphs/cfi-rigid-z2/cfi-rigid-z2-1672-04-2,1672,3648,PI_DIST,1,42,2,532,4,3.14,1757,5776,3344,14592,544,8,6,43,1741.9,2052,0,2052,0,2052,0,577,220,0,180000,4,1.25,0,0,1672,,,CERTIFIED,2377,1742.0
cfi-rigid-z2,graphs/cfi-rigid-z2/cfi-rigid-z2-1760-01-1,1760,3840,PI_DIST,1,42,2,560,4,3.14,1878,6080,3520,15360,544,8,6,36,1745.8,2160,0,2160,0,2160,0,793,474,0,180000,4,1.31,0,0,1760,,,CERTIFIED,2707,1747.7
cfi-rigid-z2,graphs/cfi-rigid-z2/cfi-rigid-z2-1760-01-2,1760,3840,PI_DIST,1,42,2,560,4,3.14,1884,6080,3520,15360,544,8,6,36,1787.8,2160,0,2160,0,2160,0,533,263,0,180000,4,1.12,0,0,1760,,,CERTIFIED,2453,1788.4
cfi-rigid-z2,graphs/cfi-rigid-z2/cfi-rigid-z2-1760-02-1,1760,3840,PI_DIST,1,42,2,560,4,3.14,1903,6080,3520,15360,544,8,6,38,1828.7,2160,0,2160,0,2160,0,559,220,0,180000,4,1.05,0,0,1760,,,CERTIFIED,2500,1828.8
cfi-rigid-z2,graphs/cfi-rigid-z2/cfi-rigid-z2-1760-02-2,1760,3840,PI_DIST,1,42,2,560,4,3.14,1360,6080,3520,15360,544,8,6,24,1869.1,2160,0,2160,0,2160,0,662,406,0,180000,4,1.11,0,0,1760,,,CERTIFIED,2046,1869.2
cfi-rigid-z2,graphs/cfi-rigid-z2/cfi-rigid-z2-1760-03-1,1760,3840,PI_DIST,1,42,2,560,4,3.14,1574,6080,3520,15360,544,8,6,38,1909.5,2160,0,2160,0,2160,0,751,382,0,180000,4,1.21,0,0,1760,,,CERTIFIED,2363,1920.3
cfi-rigid-z2,graphs/cfi-rigid-z2/cfi-rigid-z2-1760-03-2,1760,3840,PI_DIST,1,42,2,560,4,3.14,1770,6080,3520,15360,544,8,6,29,1960.8,2160,0,2160,0,2160,0,684,426,0,180000,4,1.01,0,0,1760,,,CERTIFIED,2483,1989.3
cfi-rigid-z2,graphs/cfi-rigid-z2/cfi-rigid-z2-1760-04-1,1760,3840,PI_DIST,1,42,2,560,4,3.14,1565,6080,3520,15360,544,8,6,29,2029.5,2160,0,2160,0,2160,0,624,372,0,180000,4,1.16,0,0,1760,,,CERTIFIED,2218,2066.0
cfi-rigid-z2,graphs/cfi-rigid-z2/cfi-rigid-z2-1760-04-2,1760,3840,PI_DIST,1,42,2,560,4,3.14,1880,6080,3520,15360,544,8,6,38,2106.5,2160,0,2160,0,2160,0,834,458,0,180000,4,1.34,0,0,1760,,,CERTIFIED,2752,2141.5
cfi-rigid-z2,graphs/cfi-rigid-z2/cfi-rigid-z2-1848-01-1,1848,4032,PI_DIST,1,42,2,588,4,3.14,2091,6384,3696,16128,544,8,6,43,2185.9,2268,0,2268,0,2268,0,923,387,0,180000,4,1.36,0,0,1848,,,CERTIFIED,3057,2242.1
cfi-rigid-z2,graphs/cfi-rigid-z2/cfi-rigid-z2-1848-01-2,1848,4032,PI_DIST,1,42,2,588,4,3.14,1910,6384,3696,16128,544,8,6,43,2286.4,2268,0,2268,0,2268,0,1147,670,0,180000,4,1.15,0,0,1848,,,CERTIFIED,3100,2325.0
cfi-rigid-z2,graphs/cfi-rigid-z2/cfi-rigid-z2-1848-02-1,1848,4032,PI_DIST,1,42,2,588,4,3.14,1709,6384,3696,16128,544,8,6,32,2369.3,2268,0,2268,0,2268,0,774,565,0,180000,4,1.17,0,0,1848,,,CERTIFIED,2515,2369.7
cfi-rigid-z2,graphs/cfi-rigid-z2/cfi-rigid-z2-1848-02-2,1848,4032,PI_DIST,1,42,2,588,4,3.14,1795,6384,3696,16128,544,8,6,39,2369.7,2268,0,2268,0,2268,0,1082,569,0,180000,4,1.27,0,0,1848,,,CERTIFIED,2916,2406.2
cfi-rigid-z2,graphs/cfi-rigid-z2/cfi-rigid-z2-1848-03-1,1848,4032,PI_DIST,1,42,2,588,4,3.14,2088,6384,3696,16128,544,8,6,49,2450.5,2268,0,2268,0,2268,0,796,448,0,180000,4,1.03,0,0,1848,,,CERTIFIED,2933,2450.6
cfi-rigid-z2,graphs/cfi-rigid-z2/cfi-rigid-z2-1848-03-2,1848,4032,PI_DIST,1,42,2,588,4,3.14,2095,6384,3696,16128,544,8,6,41,2450.6,2268,0,2268,0,2268,0,814,527,0,180000,4,1.21,0,0,1848,,,CERTIFIED,2950,2450.7
cfi-rigid-z2,graphs/cfi-rigid-z2/cfi-rigid-z2-1848-04-1,1848,4032,PI_DIST,1,42,2,588,4,3.14,2079,6384,3696,16128,544,8,6,42,2450.8,2268,0,2268,0,2268,0,1209,842,0,180000,4,1.14,0,0,1848,,,CERTIFIED,3330,2486.4
cfi-rigid-z2,graphs/cfi-rigid-z2/cfi-rigid-z2-1848-04-2,1848,4032,PI_DIST,1,42,2,588,4,3.14,2051,6384,3696,16128,544,8,6,38,2530.8,2268,0,2268,0,2268,0,1253,747,0,180000,4,1.33,0,0,1848,,,CERTIFIED,3342,2563.5
cfi-rigid-z2,graphs/cfi-rigid-z2/cfi-rigid-z2-1936-01-1,1936,4224,PI_DIST,1,42,2,616,4,3.14,1878,6688,3872,16896,544,8,6,38,2611.9,2376,0,2376,0,2376,0,1216,739,0,180000,4,1.68,0,0,1936,,,CERTIFIED,3132,2652.8
cfi-rigid-z2,graphs/cfi-rigid-z2/cfi-rigid-z2-1936-01-2,1936,4224,PI_DIST,1,42,2,616,4,3.14,1798,6688,3872,16896,544,8,6,42,2701.2,2376,0,2376,0,2376,0,873,495,0,180000,4,1.12,0,0,1936,,,CERTIFIED,2713,2701.3
cfi-rigid-z2,graphs/cfi-rigid-z2/cfi-rigid-z2-1936-02-1,1936,4224,PI_DIST,1,42,2,616,4,3.14,2208,6688,3872,16896,544,8,6,44,2701.3,2376,0,2376,0,2376,0,1259,756,0,180000,4,1.60,0,0,1936,,,CERTIFIED,3511,2701.4
cfi-rigid-z2,graphs/cfi-rigid-z2/cfi-rigid-z2-1936-02-2,1936,4224,PI_DIST,1,42,2,616,4,3.14,2109,6688,3872,16896,544,8,6,28,2701.4,2376,0,2376,0,2376,0,854,550,0,180000,4,1.46,0,0,1936,,,CERTIFIED,2991,2738.2
cfi-rigid-z2,graphs/cfi-rigid-z2/cfi-rigid-z2-1936-03-1,1936,4224,PI_DIST,1,42,2,616,4,3.14,1823,6688,3872,16896,544,8,6,44,2786.6,2376,0,2376,0,2376,0,935,603,0,180000,4,1.12,0,0,1936,,,CERTIFIED,2802,2821.1
cfi-rigid-z2,graphs/cfi-rigid-z2/cfi-rigid-z2-1936-03-2,1936,4224,PI_DIST,1,42,2,616,4,3.14,1768,6688,3872,16896,544,8,6,43,2869.5,2376,0,2376,0,2376,0,994,760,0,180000,4,1.15,0,0,1936,,,CERTIFIED,2805,2869.6
cfi-rigid-z2,graphs/cfi-rigid-z2/cfi-rigid-z2-1936-04-1,1936,4224,PI_DIST,1,42,2,616,4,3.14,1853,6688,3872,16896,544,8,6,41,2869.5,2376,0,2376,0,2376,0,709,451,0,180000,4,1.11,0,0,1936,,,CERTIFIED,2603,2869.8
cfi-rigid-z2,graphs/cfi-rigid-z2/cfi-rigid-z2-1936-04-2,1936,4224,PI_DIST,1,42,2,616,4,3.14,1809,6688,3872,16896,544,8,6,33,2869.7,2376,0,2376,0,2376,0,809,441,0,180000,4,1.08,0,0,1936,,,CERTIFIED,2651,2869.8
cfi-rigid-z2,graphs/cfi-rigid-z2/cfi-rigid-z2-2024-01-1,2024,4416,PI_DIST,1,42,2,644,4,3.14,1929,6992,4048,17664,544,8,6,36,2874.2,2484,0,2484,0,2484,0,973,571,0,180000,4,1.08,0,0,2024,,,CERTIFIED,2938,2875.3
cfi-rigid-z2,graphs/cfi-rigid-z2/cfi-rigid-z2-2024-01-2,2024,4416,PI_DIST,1,42,2,644,4,3.14,2014,6992,4048,17664,544,8,6,39,2875.4,2484,0,2484,0,2484,0,1131,809,0,180000,4,1.13,0,0,2024,,,CERTIFIED,3184,2917.3
cfi-rigid-z2,graphs/cfi-rigid-z2/cfi-rigid-z2-2024-02-1,2024,4416,PI_DIST,1,42,2,644,4,3.14,2070,6992,4048,17664,544,8,6,39,2970.0,2484,0,2484,0,2484,0,1537,1000,0,180000,4,1.01,0,0,2024,,,CERTIFIED,3646,2970.2
cfi-rigid-z2,graphs/cfi-rigid-z2/cfi-rigid-z2-2024-02-2,2024,4416,PI_DIST,1,42,2,644,4,3.14,2042,6992,4048,17664,544,8,6,39,2970.0,2484,0,2484,0,2484,0,1691,1000,0,180000,4,1.50,0,0,2024,,,CERTIFIED,3772,3010.5
cfi-rigid-z2,graphs/cfi-rigid-z2/cfi-rigid-z2-2024-03-1,2024,4416,PI_DIST,1,42,2,644,4,3.14,1981,6992,4048,17664,544,8,6,28,3063.0,2484,0,2484,0,2484,0,851,507,0,180000,4,1.30,0,0,2024,,,CERTIFIED,2860,3078.2
cfi-rigid-z2,graphs/cfi-rigid-z2/cfi-rigid-z2-2024-03-2,2024,4416,PI_DIST,1,42,2,644,4,3.14,1698,6992,4048,17664,544,8,6,27,3131.8,2484,0,2484,0,2484,0,1241,956,0,180000,4,1.00,0,0,2024,,,CERTIFIED,2966,3131.8
cfi-rigid-z2,graphs/cfi-rigid-z2/cfi-rigid-z2-2024-04-1,2024,4416,PI_DIST,1,42,2,644,4,3.14,1638,6992,4048,17664,544,8,6,33,3131.8,2484,0,2484,0,2484,0,772,492,0,180000,4,1.05,0,0,2024,,,CERTIFIED,2443,3131.9
cfi-rigid-z2,graphs/cfi-rigid-z2/cfi-rigid-z2-2024-04-2,2024,4416,PI_DIST,1,42,2,644,4,3.14,1786,6992,4048,17664,544,8,6,34,3131.9,2484,0,2484,0,2484,0,889,584,0,180000,4,1.29,0,0,2024,,,CERTIFIED,2709,3131.9
cfi-rigid-z2,graphs/cfi-rigid-z2/cfi-rigid-z2-2112-01-1,2112,4608,PI_DIST,1,42,2,672,4,3.14,1841,7296,4224,18432,544,8,6,31,3136.6,2592,0,2592,0,2592,0,1539,764,0,180000,4,1.11,0,0,2112,,,CERTIFIED,3411,3183.6
cfi-rigid-z2,graphs/cfi-rigid-z2/cfi-rigid-z2-2112-01-2,2112,4608,PI_DIST,1,42,2,672,4,3.14,1943,7296,4224,18432,544,8,6,30,3240.8,2592,0,2592,0,2592,0,1519,964,0,180000,4,1.13,0,0,2112,,,CERTIFIED,3492,3241.0
cfi-rigid-z2,graphs/cfi-rigid-z2/cfi-rigid-z2-2112-02-1,2112,4608,PI_DIST,1,42,2,672,4,3.14,1804,7296,4224,18432,544,8,6,31,3240.8,2592,0,2592,0,2592,0,1014,639,0,180000,4,1.02,0,0,2112,,,CERTIFIED,2849,3283.8
cfi-rigid-z2,graphs/cfi-rigid-z2/cfi-rigid-z2-2112-02-2,2112,4608,PI_DIST,1,42,2,672,4,3.14,1968,7296,4224,18432,544,8,6,31,3340.9,2592,0,2592,0,2592,0,1008,679,0,180000,4,1.07,0,0,2112,,,CERTIFIED,3007,3341.1
cfi-rigid-z2,graphs/cfi-rigid-z2/cfi-rigid-z2-2112-03-1,2112,4608,PI_DIST,1,42,2,672,4,3.14,1850,7296,4224,18432,544,8,6,30,3341.0,2592,0,2592,0,2592,0,1581,1000,0,180000,4,1.29,0,0,2112,,,CERTIFIED,3461,3341.1
cfi-rigid-z2,graphs/cfi-rigid-z2/cfi-rigid-z2-2112-03-2,2112,4608,PI_DIST,1,42,2,672,4,3.14,1864,7296,4224,18432,544,8,6,32,3341.1,2592,0,2592,0,2592,0,1069,817,0,180000,4,1.42,0,0,2112,,,CERTIFIED,2965,3381.7
cfi-rigid-z2,graphs/cfi-rigid-z2/cfi-rigid-z2-2112-04-1,2112,4608,PI_DIST,1,42,2,672,4,3.14,1972,7296,4224,18432,544,8,6,40,3438.8,2592,0,2592,0,2592,0,1240,801,0,180000,4,1.05,0,0,2112,,,CERTIFIED,3252,3477.0
cfi-rigid-z2,graphs/cfi-rigid-z2/cfi-rigid-z2-2112-04-2,2112,4608,PI_DIST,1,42,2,672,4,3.14,2077,7296,4224,18432,544,8,6,54,3534.2,2592,0,2592,0,2592,0,1636,1000,0,180000,4,1.01,0,0,2112,,,CERTIFIED,3767,3534.5
cfi-rigid-z2,graphs/cfi-rigid-z2/cfi-rigid-z2-2200-01-1,2200,4800,PI_DIST,1,42,2,700,4,3.14,2244,7600,4400,19200,544,8,6,33,3539.1,2700,0,2700,0,2700,0,1617,960,0,180000,4,1.26,0,0,2200,,,CERTIFIED,3894,3588.9
cfi-rigid-z2,graphs/cfi-rigid-z2/cfi-rigid-z2-2200-01-2,2200,4800,PI_DIST,1,42,2,700,4,3.14,2343,7600,4400,19200,544,8,6,44,3588.1,2700,0,2700,0,2700,0,1440,905,0,180000,4,1.06,0,0,2200,,,CERTIFIED,3827,3588.1
cfi-rigid-z2,graphs/cfi-rigid-z2/cfi-rigid-z2-2200-02-1,2200,4800,PI_DIST,1,42,2,700,4,3.14,1992,7600,4400,19200,544,8,6,38,3588.1,2700,0,2700,0,2700,0,1252,627,0,180000,4,1.15,0,0,2200,,,CERTIFIED,3282,3588.1
cfi-rigid-z2,graphs/cfi-rigid-z2/cfi-rigid-z2-2200-02-2,2200,4800,PI_DIST,1,42,2,700,4,3.14,1986,7600,4400,19200,544,8,6,32,3588.1,2700,0,2700,0,2700,0,1196,750,0,180000,4,1.26,0,0,2200,,,CERTIFIED,3214,3588.1
cfi-rigid-z2,graphs/cfi-rigid-z2/cfi-rigid-z2-2200-03-1,2200,4800,PI_DIST,1,42,2,700,4,3.14,2053,7600,4400,19200,544,8,6,47,3588.1,2700,0,2700,0,2700,0,1424,850,0,180000,4,1.37,0,0,2200,,,CERTIFIED,3524,3588.1
cfi-rigid-z2,graphs/cfi-rigid-z2/cfi-rigid-z2-2200-03-2,2200,4800,PI_DIST,1,42,2,700,4,3.14,2280,7600,4400,19200,544,8,6,43,3588.1,2700,0,2700,0,2700,0,1319,596,0,180000,4,1.00,0,0,2200,,,CERTIFIED,3642,3588.1
cfi-rigid-z2,graphs/cfi-rigid-z2/cfi-rigid-z2-2200-04-1,2200,4800,PI_DIST,1,42,2,700,4,3.14,2320,7600,4400,19200,544,8,6,45,3588.1,2700,0,2700,0,2700,0,908,395,0,180000,4,1.02,0,0,2200,,,CERTIFIED,3273,3588.1
cfi-rigid-z2,graphs/cfi-rigid-z2/cfi-rigid-z2-2200-04-2,2200,4800,PI_DIST,1,42,2,700,4,3.14,2283,7600,4400,19200,544,8,6,33,3588.1,2700,0,2700,0,2700,0,1919,1000,0,180000,4,1.00,0,0,2200,,,CERTIFIED,4235,3588.1
cfi-rigid-z2,graphs/cfi-rigid-z2/cfi-rigid-z2-2288-01-1,2288,4992,PI_DIST,1,42,2,728,4,3.14,2254,7904,4576,19968,544,8,6,43,3588.1,2808,0,2808,0,2808,0,1420,990,0,180000,4,1.01,0,0,2288,,,CERTIFIED,3717,3588.1
cfi-rigid-z2,graphs/cfi-rigid-z2/cfi-rigid-z2-2288-01-2,2288,4992,PI_DIST,1,42,2,728,4,3.14,2610,7904,4576,19968,544,8,6,47,3588.1,2808,0,2808,0,2808,0,1894,1000,0,180000,4,1.24,0,0,2288,,,CERTIFIED,4551,3588.1
cfi-rigid-z2,graphs/cfi-rigid-z2/cfi-rigid-z2-2288-02-1,2288,4992,PI_DIST,1,42,2,728,4,3.14,2369,7904,4576,19968,544,8,6,65,3588.1,2808,0,2808,0,2808,0,2005,1000,0,180000,4,1.10,0,0,2288,,,CERTIFIED,4439,3588.1
cfi-rigid-z2,graphs/cfi-rigid-z2/cfi-rigid-z2-2288-02-2,2288,4992,PI_DIST,1,42,2,728,4,3.14,2973,7904,4576,19968,544,8,6,74,3588.1,2808,0,2808,0,2808,0,1402,883,0,180000,4,1.10,0,0,2288,,,CERTIFIED,4449,3588.1
cfi-rigid-z2,graphs/cfi-rigid-z2/cfi-rigid-z2-2288-03-1,2288,4992,PI_DIST,1,42,2,728,4,3.14,2726,7904,4576,19968,544,8,6,67,3588.1,2808,0,2808,0,2808,0,1179,623,0,180000,4,1.42,0,0,2288,,,CERTIFIED,3972,3588.1
cfi-rigid-z2,graphs/cfi-rigid-z2/cfi-rigid-z2-2288-03-2,2288,4992,PI_DIST,1,42,2,728,4,3.14,3253,7904,4576,19968,544,8,6,95,3588.1,2808,0,2808,0,2808,0,1629,903,0,180000,4,1.05,0,0,2288,,,CERTIFIED,4977,3588.1
cfi-rigid-z2,graphs/cfi-rigid-z2/cfi-rigid-z2-2288-04-1,2288,4992,PI_DIST,1,42,2,728,4,3.14,2944,7904,4576,19968,544,8,6,55,3588.1,2808,0,2808,0,2808,0,1557,813,0,180000,4,1.03,0,0,2288,,,CERTIFIED,4556,3588.1
cfi-rigid-z2,graphs/cfi-rigid-z2/cfi-rigid-z2-2288-04-2,2288,4992,PI_DIST,1,42,2,728,4,3.14,2966,7904,4576,19968,544,8,6,111,3588.1,2808,0,2808,0,2808,0,1873,1000,0,180000,4,1.00,0,0,2288,,,CERTIFIED,4950,3588.1
cfi-rigid-z2,graphs/cfi-rigid-z2/cfi-rigid-z2-2376-01-1,2376,5184,PI_DIST,1,42,2,756,4,3.14,4052,8208,4752,20736,544,8,6,109,3588.1,2916,0,2916,0,2916,0,1300,982,0,180000,4,1.04,0,0,2376,,,CERTIFIED,5461,3588.1
cfi-rigid-z2,graphs/cfi-rigid-z2/cfi-rigid-z2-2376-01-2,2376,5184,PI_DIST,1,42,2,756,4,3.14,4204,8208,4752,20736,544,8,6,98,3588.1,2916,0,2916,0,2916,0,1509,847,0,180000,4,1.05,0,0,2376,,,CERTIFIED,5811,3588.1
cfi-rigid-z2,graphs/cfi-rigid-z2/cfi-rigid-z2-2376-02-1,2376,5184,PI_DIST,1,42,2,756,4,3.14,4403,8208,4752,20736,544,8,6,96,3588.1,2916,0,2916,0,2916,0,2393,1003,0,180000,4,1.03,0,0,2376,,,CERTIFIED,6892,3588.1
cfi-rigid-z2,graphs/cfi-rigid-z2/cfi-rigid-z2-2376-02-2,2376,5184,PI_DIST,1,42,2,756,4,3.14,4118,8208,4752,20736,544,8,6,116,3588.1,2916,0,2916,0,2916,0,2274,1001,0,180000,4,1.03,0,0,2376,,,CERTIFIED,6508,3588.1
cfi-rigid-z2,graphs/cfi-rigid-z2/cfi-rigid-z2-2376-03-1,2376,5184,PI_DIST,1,42,2,756,4,3.14,3157,8208,4752,20736,544,8,6,58,3588.1,2916,0,2916,0,2916,0,1982,1001,0,180000,4,1.11,0,0,2376,,,CERTIFIED,5197,3588.1
cfi-rigid-z2,graphs/cfi-rigid-z2/cfi-rigid-z2-2376-03-2,2376,5184,PI_DIST,1,42,2,756,4,3.14,3217,8208,4752,20736,544,8,6,97,3588.1,2916,0,2916,0,2916,0,2109,1001,0,180000,4,1.00,0,0,2376,,,CERTIFIED,5423,3588.1
cfi-rigid-z2,graphs/cfi-rigid-z2/cfi-rigid-z2-2376-04-1,2376,5184,PI_DIST,1,42,2,756,4,3.14,3845,8208,4752,20736,544,8,6,113,3588.1,2916,0,2916,0,2916,0,1704,767,0,180000,4,1.07,0,0,2376,,,CERTIFIED,5662,3588.1
cfi-rigid-z2,graphs/cfi-rigid-z2/cfi-rigid-z2-2376-04-2,2376,5184,PI_DIST,1,42,2,756,4,3.14,2903,8208,4752,20736,544,8,6,89,3588.1,2916,0,2916,0,2916,0,2103,1000,0,180000,4,1.02,0,0,2376,,,CERTIFIED,5095,3588.1
cfi-rigid-z2,graphs/cfi-rigid-z2/cfi-rigid-z2-2464-01-1,2464,5376,PI_DIST,1,42,2,784,4,3.14,3116,8512,4928,21504,544,8,6,43,3588.1,3024,0,3024,0,3024,0,2196,1000,0,180000,4,1.21,0,0,2464,,,CERTIFIED,5355,3588.1
cfi-rigid-z2,graphs/cfi-rigid-z2/cfi-rigid-z2-2464-01-2,2464,5376,PI_DIST,1,42,2,784,4,3.14,3391,8512,4928,21504,544,8,6,81,3588.1,3024,0,3024,0,3024,0,2480,1000,0,180000,4,1.06,0,0,2464,,,CERTIFIED,5952,3588.1
cfi-rigid-z2,graphs/cfi-rigid-z2/cfi-rigid-z2-2464-02-1,2464,5376,PI_DIST,1,42,2,784,4,3.14,3718,8512,4928,21504,544,8,6,71,3588.1,3024,0,3024,0,3024,0,2021,1000,0,180000,4,1.08,0,0,2464,,,CERTIFIED,5810,3588.1
cfi-rigid-z2,graphs/cfi-rigid-z2/cfi-rigid-z2-2464-02-2,2464,5376,PI_DIST,1,42,2,784,4,3.14,4271,8512,4928,21504,544,8,6,107,3588.1,3024,0,3024,0,3024,0,2046,1005,0,180000,4,1.08,0,0,2464,,,CERTIFIED,6424,3588.1
cfi-rigid-z2,graphs/cfi-rigid-z2/cfi-rigid-z2-2464-03-1,2464,5376,PI_DIST,1,42,2,784,4,3.14,3619,8512,4928,21504,544,8,6,67,3588.1,3024,0,3024,0,3024,0,2083,1003,0,180000,4,1.02,0,0,2464,,,CERTIFIED,5769,3588.1
cfi-rigid-z2,graphs/cfi-rigid-z2/cfi-rigid-z2-2464-03-2,2464,5376,PI_DIST,1,42,2,784,4,3.14,3177,8512,4928,21504,544,8,6,67,3588.1,3024,0,3024,0,3024,0,2320,1000,0,180000,4,1.05,0,0,2464,,,CERTIFIED,5564,3588.1
cfi-rigid-z2,graphs/cfi-rigid-z2/cfi-rigid-z2-2464-04-1,2464,5376,PI_DIST,1,42,2,784,4,3.14,3853,8512,4928,21504,544,8,6,62,3588.1,3024,0,3024,0,3024,0,2062,1000,0,180000,4,1.01,0,0,2464,,,CERTIFIED,5977,3588.1
cfi-rigid-z2,graphs/cfi-rigid-z2/cfi-rigid-z2-2464-04-2,2464,5376,PI_DIST,1,42,2,784,4,3.14,4352,8512,4928,21504,544,8,6,119,3588.1,3024,0,3024,0,3024,0,2657,1000,0,180000,4,1.05,0,0,2464,,,CERTIFIED,7128,3588.1
cfi-rigid-z2,graphs/cfi-rigid-z2/cfi-rigid-z2-2552-01-1,2552,5568,PI_DIST,1,42,2,812,4,3.14,4513,8816,5104,22272,544,8,6,96,3588.1,3132,0,3132,0,3132,0,2894,1001,0,180000,4,1.01,0,0,2552,,,CERTIFIED,7503,3588.1
cfi-rigid-z2,graphs/cfi-rigid-z2/cfi-rigid-z2-2552-01-2,2552,5568,PI_DIST,1,42,2,812,4,3.14,4766,8816,5104,22272,544,8,6,123,3588.1,3132,0,3132,0,3132,0,2906,1000,0,180000,4,1.00,0,0,2552,,,CERTIFIED,7795,3588.1
cfi-rigid-z2,graphs/cfi-rigid-z2/cfi-rigid-z2-2552-02-1,2552,5568,PI_DIST,1,42,2,812,4,3.14,4365,8816,5104,22272,544,8,6,99,3588.1,3132,0,3132,0,3132,0,2513,1004,0,180000,4,1.00,0,0,2552,,,CERTIFIED,6977,3588.1
cfi-rigid-z2,graphs/cfi-rigid-z2/cfi-rigid-z2-2552-02-2,2552,5568,PI_DIST,1,42,2,812,4,3.14,4599,8816,5104,22272,544,8,6,101,3588.1,3132,0,3132,0,3132,0,2464,1002,0,180000,4,1.01,0,0,2552,,,CERTIFIED,7164,3588.1
cfi-rigid-z2,graphs/cfi-rigid-z2/cfi-rigid-z2-2552-03-1,2552,5568,PI_DIST,1,42,2,812,4,3.14,4072,8816,5104,22272,544,8,6,120,3588.1,3132,0,3132,0,3132,0,1813,791,0,180000,4,1.02,0,0,2552,,,CERTIFIED,6005,3588.1
cfi-rigid-z2,graphs/cfi-rigid-z2/cfi-rigid-z2-2552-03-2,2552,5568,PI_DIST,1,42,2,812,4,3.14,4136,8816,5104,22272,544,8,6,98,3588.1,3132,0,3132,0,3132,0,1723,1000,0,180000,4,1.16,0,0,2552,,,CERTIFIED,5957,3588.1
cfi-rigid-z2,graphs/cfi-rigid-z2/cfi-rigid-z2-2552-04-1,2552,5568,PI_DIST,1,42,2,812,4,3.14,3941,8816,5104,22272,544,8,6,84,3588.1,3132,0,3132,0,3132,0,2069,1000,0,180000,4,1.12,0,0,2552,,,CERTIFIED,6094,3588.1
cfi-rigid-z2,graphs/cfi-rigid-z2/cfi-rigid-z2-2552-04-2,2552,5568,PI_DIST,1,42,2,812,4,3.14,4321,8816,5104,22272,544,8,6,125,3588.1,3132,0,3132,0,3132,0,2777,1002,0,180000,4,1.00,0,0,2552,,,CERTIFIED,7223,3588.1
cfi-rigid-z2,graphs/cfi-rigid-z2/cfi-rigid-z2-2640-01-1,2640,5760,PI_DIST,1,42,2,840,4,3.14,4781,9120,5280,23040,544,8,6,102,3588.1,3240,0,3240,0,3240,0,2280,1002,0,180000,4,1.01,0,0,2640,,,CERTIFIED,7163,3588.1
cfi-rigid-z2,graphs/cfi-rigid-z2/cfi-rigid-z2-2640-01-2,2640,5760,PI_DIST,1,42,2,840,4,3.14,5071,9120,5280,23040,544,8,6,111,3588.1,3240,0,3240,0,3240,0,2613,1004,0,180000,4,1.00,0,0,2640,,,CERTIFIED,7795,3588.1
cfi-rigid-z2,graphs/cfi-rigid-z2/cfi-rigid-z2-2640-02-1,2640,5760,PI_DIST,1,42,2,840,4,3.14,5242,9120,5280,23040,544,8,6,102,3588.1,3240,0,3240,0,3240,0,2487,1000,0,180000,4,1.00,0,0,2640,,,CERTIFIED,7831,3588.1
cfi-rigid-z2,graphs/cfi-rigid-z2/cfi-rigid-z2-2640-02-2,2640,5760,PI_DIST,1,42,2,840,4,3.14,5038,9120,5280,23040,544,8,6,132,3588.1,3240,0,3240,0,3240,0,2517,1001,0,180000,4,1.02,0,0,2640,,,CERTIFIED,7687,3588.1
cfi-rigid-z2,graphs/cfi-rigid-z2/cfi-rigid-z2-2640-03-1,2640,5760,PI_DIST,1,42,2,840,4,3.14,4887,9120,5280,23040,544,8,6,140,3588.1,3240,0,3240,0,3240,0,2227,1003,0,180000,4,1.08,0,0,2640,,,CERTIFIED,7254,3588.1
cfi-rigid-z2,graphs/cfi-rigid-z2/cfi-rigid-z2-2640-03-2,2640,5760,PI_DIST,1,42,2,840,4,3.14,5090,9120,5280,23040,544,8,6,106,3588.1,3240,0,3240,0,3240,0,2272,1000,0,180000,4,1.05,0,0,2640,,,CERTIFIED,7468,3588.1
cfi-rigid-z2,graphs/cfi-rigid-z2/cfi-rigid-z2-2640-04-1,2640,5760,PI_DIST,1,42,2,840,4,3.14,4533,9120,5280,23040,544,8,6,127,3588.1,3240,0,3240,0,3240,0,2236,1000,0,180000,4,1.18,0,0,2640,,,CERTIFIED,6896,3588.1
cfi-rigid-z2,graphs/cfi-rigid-z2/cfi-rigid-z2-2640-04-2,2640,5760,PI_DIST,1,42,2,840,4,3.14,4659,9120,5280,23040,544,8,6,111,3588.1,3240,0,3240,0,3240,0,2670,1000,0,180000,4,1.17,0,0,2640,,,CERTIFIED,7440,3588.1
cfi-rigid-z2,graphs/cfi-rigid-z2/cfi-rigid-z2-2728-01-1,2728,5952,PI_DIST,1,42,2,868,4,3.14,5230,9424,5456,23808,544,8,6,123,3588.1,3348,0,3348,0,3348,0,2639,1000,0,180000,4,1.25,0,0,2728,,,CERTIFIED,7992,3588.1
cfi-rigid-z2,graphs/cfi-rigid-z2/cfi-rigid-z2-2728-01-2,2728,5952,PI_DIST,1,42,2,868,4,3.14,5363,9424,5456,23808,544,8,6,165,3588.1,3348,0,3348,0,3348,0,2848,1003,0,180000,4,1.00,0,0,2728,,,CERTIFIED,8376,3588.1
cfi-rigid-z2,graphs/cfi-rigid-z2/cfi-rigid-z2-2728-02-1,2728,5952,PI_DIST,1,42,2,867,8,3.15,4483,9456,5456,23904,544,8,6,108,3588.1,3352,4,3372,4,3348,0,2474,1000,0,180000,4,1.15,4,0,2724,,,CERTIFIED,7065,3588.1
cfi-rigid-z2,graphs/cfi-rigid-z2/cfi-rigid-z2-2728-02-2,2728,5952,PI_DIST,1,42,2,867,8,3.15,4327,9456,5456,23904,544,8,6,86,3588.1,3352,4,3372,4,3348,0,2609,1002,0,180000,4,1.09,4,0,2724,,,CERTIFIED,7022,3588.1
cfi-rigid-z2,graphs/cfi-rigid-z2/cfi-rigid-z2-2728-03-1,2728,5952,PI_DIST,1,42,2,868,4,3.14,5288,9424,5456,23808,544,8,6,115,3588.1,3348,0,3348,0,3348,0,2687,1002,0,180000,4,1.03,0,0,2728,,,CERTIFIED,8090,3588.1
cfi-rigid-z2,graphs/cfi-rigid-z2/cfi-rigid-z2-2728-03-2,2728,5952,PI_DIST,1,42,2,868,4,3.14,5018,9424,5456,23808,544,8,6,132,3588.1,3348,0,3348,0,3348,0,2386,1004,0,180000,4,1.00,0,0,2728,,,CERTIFIED,7536,3588.1
cfi-rigid-z2,graphs/cfi-rigid-z2/cfi-rigid-z2-2728-04-1,2728,5952,PI_DIST,1,42,2,868,4,3.14,5416,9424,5456,23808,544,8,6,110,3588.1,3348,0,3348,0,3348,0,3373,1004,0,180000,4,1.03,0,0,2728,,,CERTIFIED,8899,3588.1
cfi-rigid-z2,graphs/cfi-rigid-z2/cfi-rigid-z2-2728-04-2,2728,5952,PI_DIST,1,42,2,868,4,3.14,5165,9424,5456,23808,544,8,6,111,3588.1,3348,0,3348,0,3348,0,2578,1004,0,180000,4,1.01,0,0,2728,,,CERTIFIED,7854,3588.1
cfi-rigid-z2,graphs/cfi-rigid-z2/cfi-rigid-z2-2816-01-1,2816,6144,PI_DIST,1,42,2,896,4,3.14,5656,9728,5632,24576,544,8,6,141,3588.1,3456,0,3456,0,3456,0,2711,1004,0,180000,4,1.06,0,0,2816,,,CERTIFIED,8508,3588.1
cfi-rigid-z2,graphs/cfi-rigid-z2/cfi-rigid-z2-2816-01-2,2816,6144,PI_DIST,1,42,2,896,4,3.14,5661,9728,5632,24576,544,8,6,136,3588.1,3456,0,3456,0,3456,0,3095,1003,0,180000,4,1.33,0,0,2816,,,CERTIFIED,8892,3588.1
cfi-rigid-z2,graphs/cfi-rigid-z2/cfi-rigid-z2-2816-02-1,2816,6144,PI_DIST,1,42,2,896,4,3.14,5424,9728,5632,24576,544,8,6,113,3588.1,3456,0,3456,0,3456,0,3029,1004,0,180000,4,1.12,0,0,2816,,,CERTIFIED,8566,3588.1
cfi-rigid-z2,graphs/cfi-rigid-z2/cfi-rigid-z2-2816-02-2,2816,6144,PI_DIST,1,42,2,896,4,3.14,5725,9728,5632,24576,544,8,6,131,3588.1,3456,0,3456,0,3456,0,2934,1000,0,180000,4,1.02,0,0,2816,,,CERTIFIED,8790,3588.1
cfi-rigid-z2,graphs/cfi-rigid-z2/cfi-rigid-z2-2816-03-1,2816,6144,PI_DIST,1,42,2,896,4,3.14,4173,9728,5632,24576,544,8,6,71,3588.1,3456,0,3456,0,3456,0,2914,1004,0,180000,4,1.05,0,0,2816,,,CERTIFIED,7158,3588.1
cfi-rigid-z2,graphs/cfi-rigid-z2/cfi-rigid-z2-2816-03-2,2816,6144,PI_DIST,1,42,2,896,4,3.14,5363,9728,5632,24576,544,8,6,142,3588.1,3456,0,3456,0,3456,0,2785,1000,0,180000,4,1.00,0,0,2816,,,CERTIFIED,8290,3588.1
cfi-rigid-z2,graphs/cfi-rigid-z2/cfi-rigid-z2-2816-04-1,2816,6144,PI_DIST,1,42,2,896,4,3.14,5263,9728,5632,24576,544,8,6,140,3588.1,3456,0,3456,0,3456,0,3155,1002,0,180000,4,1.06,0,0,2816,,,CERTIFIED,8558,3588.1
cfi-rigid-z2,graphs/cfi-rigid-z2/cfi-rigid-z2-2816-04-2,2816,6144,PI_DIST,1,42,2,896,4,3.14,5656,9728,5632,24576,544,8,6,122,3588.1,3456,0,3456,0,3456,0,2879,1000,0,180000,4,1.01,0,0,2816,,,CERTIFIED,8657,3588.1
cfi-rigid-z2,graphs/cfi-rigid-z2/cfi-rigid-z2-2904-01-1,2904,6336,PI_DIST,1,42,2,924,4,3.14,4727,10032,5808,25344,544,8,6,120,3588.1,3564,0,3564,0,3564,0,3612,1004,0,180000,4,1.33,0,0,2904,,,CERTIFIED,8459,3588.1
cfi-rigid-z2,graphs/cfi-rigid-z2/cfi-rigid-z2-2904-01-2,2904,6336,PI_DIST,1,42,2,924,4,3.14,5404,10032,5808,25344,544,8,6,134,3588.1,3564,0,3564,0,3564,0,2787,1005,0,180000,4,1.02,0,0,2904,,,CERTIFIED,8325,3588.1
cfi-rigid-z2,graphs/cfi-rigid-z2/cfi-rigid-z2-2904-02-1,2904,6336,PI_DIST,1,42,2,924,4,3.14,4927,10032,5808,25344,544,8,6,140,3588.1,3564,0,3564,0,3564,0,3379,1000,0,180000,4,1.26,0,0,2904,,,CERTIFIED,8446,3588.1
cfi-rigid-z2,graphs/cfi-rigid-z2/cfi-rigid-z2-2904-02-2,2904,6336,PI_DIST,1,42,2,924,4,3.14,4758,10032,5808,25344,544,8,6,62,3588.1,3564,0,3564,0,3564,0,2998,1006,0,180000,4,1.00,0,0,2904,,,CERTIFIED,7818,3588.1
cfi-rigid-z2,graphs/cfi-rigid-z2/cfi-rigid-z2-2904-03-1,2904,6336,PI_DIST,1,42,2,924,4,3.14,3846,10032,5808,25344,544,8,6,51,3588.1,3564,0,3564,0,3564,0,2728,1001,0,180000,4,1.00,0,0,2904,,,CERTIFIED,6625,3588.1
cfi-rigid-z2,graphs/cfi-rigid-z2/cfi-rigid-z2-2904-03-2,2904,6336,PI_DIST,1,42,2,924,4,3.14,5206,10032,5808,25344,544,8,6,116,3588.1,3564,0,3564,0,3564,0,2918,1000,0,180000,4,1.08,0,0,2904,,,CERTIFIED,8240,3588.1
cfi-rigid-z2,graphs/cfi-rigid-z2/cfi-rigid-z2-2904-04-1,2904,6336,PI_DIST,1,42,2,924,4,3.14,5321,10032,5808,25344,544,8,6,137,3588.1,3564,0,3564,0,3564,0,3849,1004,0,180000,4,1.22,0,0,2904,,,CERTIFIED,9307,3588.1
cfi-rigid-z2,graphs/cfi-rigid-z2/cfi-rigid-z2-2904-04-2,2904,6336,PI_DIST,1,42,2,924,4,3.14,4318,10032,5808,25344,544,8,6,80,3588.1,3564,0,3564,0,3564,0,3017,1000,0,180000,4,1.00,0,0,2904,,,CERTIFIED,7415,3588.1
cfi-rigid-z2,graphs/cfi-rigid-z2/cfi-rigid-z2-2992-01-1,2992,6528,PI_DIST,1,42,2,952,4,3.14,4529,10336,5984,26112,544,8,6,74,3588.1,3672,0,3672,0,3672,0,3158,1003,0,180000,4,1.00,0,0,2992,,,CERTIFIED,7761,3588.1
cfi-rigid-z2,graphs/cfi-rigid-z2/cfi-rigid-z2-2992-01-2,2992,6528,PI_DIST,1,42,2,952,4,3.14,5535,10336,5984,26112,544,8,6,127,3588.1,3672,0,3672,0,3672,0,4027,1005,0,180000,4,1.03,0,0,2992,,,CERTIFIED,9689,3588.1
cfi-rigid-z2,graphs/cfi-rigid-z2/cfi-rigid-z2-2992-02-1,2992,6528,PI_DIST,1,42,2,952,4,3.14,4895,10336,5984,26112,544,8,6,103,3588.1,3672,0,3672,0,3672,0,2673,1000,0,180000,4,1.03,0,0,2992,,,CERTIFIED,7671,3588.1
cfi-rigid-z2,graphs/cfi-rigid-z2/cfi-rigid-z2-2992-02-2,2992,6528,PI_DIST,1,42,2,952,4,3.14,4606,10336,5984,26112,544,8,6,85,3588.1,3672,0,3672,0,3672,0,3011,1000,0,180000,4,1.05,0,0,2992,,,CERTIFIED,7702,3588.1
cfi-rigid-z2,graphs/cfi-rigid-z2/cfi-rigid-z2-2992-03-1,2992,6528,PI_DIST,1,42,2,952,4,3.14,4331,10336,5984,26112,544,8,6,90,3588.1,3672,0,3672,0,3672,0,2989,1001,0,180000,4,1.01,0,0,2992,,,CERTIFIED,7410,3588.1
cfi-rigid-z2,graphs/cfi-rigid-z2/cfi-rigid-z2-2992-03-2,2992,6528,PI_DIST,1,42,2,952,4,3.14,5230,10336,5984,26112,544,8,6,135,3588.1,3672,0,3672,0,3672,0,2716,1000,0,180000,4,1.05,0,0,2992,,,CERTIFIED,8081,3588.1
cfi-rigid-z2,graphs/cfi-rigid-z2/cfi-rigid-z2-2992-04-1,2992,6528,PI_DIST,1,42,2,952,4,3.14,4471,10336,5984,26112,544,8,6,146,3588.1,3672,0,3672,0,3672,0,3307,1001,0,180000,4,1.18,0,0,2992,,,CERTIFIED,7924,3588.1
cfi-rigid-z2,graphs/cfi-rigid-z2/cfi-rigid-z2-2992-04-2,2992,6528,PI_DIST,1,42,2,952,4,3.14,5306,10336,5984,26112,544,8,6,115,3588.1,3672,0,3672,0,3672,0,2984,1002,0,180000,4,1.04,0,0,2992,,,CERTIFIED,8405,3588.1
cfi-rigid-z2,graphs/cfi-rigid-z2/cfi-rigid-z2-3080-01-1,3080,6720,PI_DIST,1,42,2,980,4,3.14,9612,10640,6160,26880,544,8,6,209,742.3,3780,0,3780,0,3780,0,4184,1005,0,180000,4,1.00,0,0,3080,,,CERTIFIED,14005,933.1
cfi-rigid-z2,graphs/cfi-rigid-z2/cfi-rigid-z2-3080-01-2,3080,6720,PI_DIST,1,42,2,980,4,3.14,6089,10640,6160,26880,544,8,6,102,964.9,3780,0,3780,0,3780,0,3329,1002,0,180000,4,1.06,0,0,3080,,,CERTIFIED,9520,982.1
cfi-rigid-z2,graphs/cfi-rigid-z2/cfi-rigid-z2-3080-02-1,3080,6720,PI_DIST,1,42,2,980,4,3.14,6343,10640,6160,26880,544,8,6,129,1262.3,3780,0,3780,0,3780,0,4214,1004,0,180000,4,1.04,0,0,3080,,,CERTIFIED,10686,1262.3
cfi-rigid-z2,graphs/cfi-rigid-z2/cfi-rigid-z2-3080-02-2,3080,6720,PI_DIST,1,42,2,980,4,3.14,7002,10640,6160,26880,544,8,6,105,1262.3,3780,0,3780,0,3780,0,3783,1002,0,180000,4,1.03,0,0,3080,,,CERTIFIED,10890,1262.3
cfi-rigid-z2,graphs/cfi-rigid-z2/cfi-rigid-z2-3080-03-1,3080,6720,PI_DIST,1,42,2,980,4,3.14,6831,10640,6160,26880,544,8,6,106,1262.3,3780,0,3780,0,3780,0,3626,1002,0,180000,4,1.03,0,0,3080,,,CERTIFIED,10563,1262.3
cfi-rigid-z2,graphs/cfi-rigid-z2/cfi-rigid-z2-3080-03-2,3080,6720,PI_DIST,1,42,2,980,4,3.14,6044,10640,6160,26880,544,8,6,120,1262.3,3780,0,3780,0,3780,0,5469,1002,0,180000,4,1.12,0,0,3080,,,CERTIFIED,11633,1262.3
cfi-rigid-z2,graphs/cfi-rigid-z2/cfi-rigid-z2-3080-04-1,3080,6720,PI_DIST,1,42,2,980,4,3.14,6156,10640,6160,26880,544,8,6,67,1262.3,3780,0,3780,0,3780,0,3694,1004,0,180000,4,1.00,0,0,3080,,,CERTIFIED,9917,1262.3
cfi-rigid-z2,graphs/cfi-rigid-z2/cfi-rigid-z2-3080-04-2,3080,6720,PI_DIST,1,42,2,980,4,3.14,5561,10640,6160,26880,544,8,6,66,1262.3,3780,0,3780,0,3780,0,3301,1001,0,180000,4,1.17,0,0,3080,,,CERTIFIED,8928,1262.3
cfi-rigid-z2,graphs/cfi-rigid-z2/cfi-rigid-z2-3168-01-1,3168,6912,PI_DIST,1,42,2,1008,4,3.14,6444,10944,6336,27648,544,8,6,109,1378.4,3888,0,3888,0,3888,0,4375,1000,0,180000,4,1.05,0,0,3168,,,CERTIFIED,10928,1378.4
cfi-rigid-z2,graphs/cfi-rigid-z2/cfi-rigid-z2-3168-01-2,3168,6912,PI_DIST,1,42,2,1008,4,3.14,6256,10944,6336,27648,544,8,6,57,1378.4,3888,0,3888,0,3888,0,2956,1000,0,180000,4,1.16,0,0,3168,,,CERTIFIED,9269,1378.4
cfi-rigid-z2,graphs/cfi-rigid-z2/cfi-rigid-z2-3168-02-1,3168,6912,PI_DIST,1,42,2,1008,4,3.14,5500,10944,6336,27648,544,8,6,67,1378.4,3888,0,3888,0,3888,0,2995,1000,0,180000,4,1.02,0,0,3168,,,CERTIFIED,8562,1378.4
cfi-rigid-z2,graphs/cfi-rigid-z2/cfi-rigid-z2-3168-02-2,3168,6912,PI_DIST,1,42,2,1008,4,3.14,5759,10944,6336,27648,544,8,6,58,1378.4,3888,0,3888,0,3888,0,3844,1005,0,180000,4,1.07,0,0,3168,,,CERTIFIED,9661,1378.4
cfi-rigid-z2,graphs/cfi-rigid-z2/cfi-rigid-z2-3168-03-1,3168,6912,PI_DIST,1,42,2,1008,4,3.14,7308,10944,6336,27648,544,8,6,117,1437.6,3888,0,3888,0,3888,0,4166,1003,0,180000,4,1.04,0,0,3168,,,CERTIFIED,11591,1437.6
cfi-rigid-z2,graphs/cfi-rigid-z2/cfi-rigid-z2-3168-03-2,3168,6912,PI_DIST,1,42,2,1008,4,3.14,6061,10944,6336,27648,544,8,6,64,1437.6,3888,0,3888,0,3888,0,3796,1004,0,180000,4,1.01,0,0,3168,,,CERTIFIED,9921,1437.6
cfi-rigid-z2,graphs/cfi-rigid-z2/cfi-rigid-z2-3168-04-1,3168,6912,PI_DIST,1,42,2,1008,4,3.14,6896,10944,6336,27648,544,8,6,92,1437.6,3888,0,3888,0,3888,0,4060,1004,0,180000,4,1.00,0,0,3168,,,CERTIFIED,11048,1437.6
cfi-rigid-z2,graphs/cfi-rigid-z2/cfi-rigid-z2-3168-04-2,3168,6912,PI_DIST,1,42,2,1008,4,3.14,6377,10944,6336,27648,544,8,6,111,1437.6,3888,0,3888,0,3888,0,3247,1001,0,180000,4,1.02,0,0,3168,,,CERTIFIED,9735,1437.6
cfi-rigid-z2,graphs/cfi-rigid-z2/cfi-rigid-z2-3256-01-1,3256,7104,PI_DIST,1,42,2,1036,4,3.14,6044,11248,6512,28416,544,8,6,97,1437.6,3996,0,3996,0,3996,0,4186,1001,0,180000,4,1.14,0,0,3256,,,CERTIFIED,10327,1437.6
cfi-rigid-z2,graphs/cfi-rigid-z2/cfi-rigid-z2-3256-01-2,3256,7104,PI_DIST,1,42,2,1036,4,3.14,5055,11248,6512,28416,544,8,6,75,1437.6,3996,0,3996,0,3996,0,3350,1004,0,180000,4,1.03,0,0,3256,,,CERTIFIED,8480,1437.6
cfi-rigid-z2,graphs/cfi-rigid-z2/cfi-rigid-z2-3256-02-1,3256,7104,PI_DIST,1,42,2,1036,4,3.14,5430,11248,6512,28416,544,8,6,103,1437.6,3996,0,3996,0,3996,0,4277,1000,0,180000,4,1.01,0,0,3256,,,CERTIFIED,9810,1437.6
cfi-rigid-z2,graphs/cfi-rigid-z2/cfi-rigid-z2-3256-02-2,3256,7104,PI_DIST,1,42,2,1036,4,3.14,5869,11248,6512,28416,544,8,6,82,1437.6,3996,0,3996,0,3996,0,4241,1005,0,180000,4,1.11,0,0,3256,,,CERTIFIED,10192,1437.6
cfi-rigid-z2,graphs/cfi-rigid-z2/cfi-rigid-z2-3256-03-1,3256,7104,PI_DIST,1,42,2,1036,4,3.14,6260,11248,6512,28416,544,8,6,152,1437.6,3996,0,3996,0,3996,0,3581,1001,0,180000,4,1.05,0,0,3256,,,CERTIFIED,9993,1437.6
cfi-rigid-z2,graphs/cfi-rigid-z2/cfi-rigid-z2-3256-03-2,3256,7104,PI_DIST,1,42,2,1036,4,3.14,6552,11248,6512,28416,544,8,6,144,1437.6,3996,0,3996,0,3996,0,5360,1002,0,180000,4,1.15,0,0,3256,,,CERTIFIED,12056,1437.6
cfi-rigid-z2,graphs/cfi-rigid-z2/cfi-rigid-z2-3256-04-1,3256,7104,PI_DIST,1,42,2,1036,4,3.14,6958,11248,6512,28416,544,8,6,111,1437.6,3996,0,3996,0,3996,0,3877,1005,0,180000,4,1.00,0,0,3256,,,CERTIFIED,10946,1437.6
cfi-rigid-z2,graphs/cfi-rigid-z2/cfi-rigid-z2-3256-04-2,3256,7104,PI_DIST,1,42,2,1036,4,3.14,5710,11248,6512,28416,544,8,6,117,1437.6,3996,0,3996,0,3996,0,3309,1002,0,180000,4,1.00,0,0,3256,,,CERTIFIED,9136,1437.6
cfi-rigid-z2,graphs/cfi-rigid-z2/cfi-rigid-z2-3344-01-1,3344,7296,PI_DIST,1,42,2,1064,4,3.14,5976,11552,6688,29184,544,8,6,130,1437.6,4104,0,4104,0,4104,0,4117,1002,0,180000,4,1.30,0,0,3344,,,CERTIFIED,10223,1437.6
cfi-rigid-z2,graphs/cfi-rigid-z2/cfi-rigid-z2-3344-01-2,3344,7296,PI_DIST,1,42,2,1064,4,3.14,5027,11552,6688,29184,544,8,6,71,1607.1,4104,0,4104,0,4104,0,3406,1002,0,180000,4,1.04,0,0,3344,,,CERTIFIED,8504,1724.8
cfi-rigid-z2,graphs/cfi-rigid-z2/cfi-rigid-z2-3344-02-1,3344,7296,PI_DIST,1,42,2,1064,4,3.14,5951,11552,6688,29184,544,8,6,127,1723.6,4104,0,4104,0,4104,0,4246,1002,0,180000,4,1.06,0,0,3344,,,CERTIFIED,10324,1723.6
cfi-rigid-z2,graphs/cfi-rigid-z2/cfi-rigid-z2-3344-02-2,3344,7296,PI_DIST,1,42,2,1064,4,3.14,5982,11552,6688,29184,544,8,6,118,1723.6,4104,0,4104,0,4104,0,3637,1003,0,180000,4,1.00,0,0,3344,,,CERTIFIED,9737,1723.6
cfi-rigid-z2,graphs/cfi-rigid-z2/cfi-rigid-z2-3344-03-1,3344,7296,PI_DIST,1,42,2,1064,4,3.14,5240,11552,6688,29184,544,8,6,76,1723.6,4104,0,4104,0,4104,0,3158,1002,0,180000,4,1.09,0,0,3344,,,CERTIFIED,8474,1723.6
cfi-rigid-z2,graphs/cfi-rigid-z2/cfi-rigid-z2-3344-03-2,3344,7296,PI_DIST,1,42,2,1064,4,3.14,4665,11552,6688,29184,544,8,6,76,1723.6,4104,0,4104,0,4104,0,2810,1000,0,180000,4,1.16,0,0,3344,,,CERTIFIED,7551,1723.6
cfi-rigid-z2,graphs/cfi-rigid-z2/cfi-rigid-z2-3344-04-1,3344,7296,PI_DIST,1,42,2,1064,4,3.14,5639,11552,6688,29184,544,8,6,78,1723.6,4104,0,4104,0,4104,0,3564,1003,0,180000,4,1.00,0,0,3344,,,CERTIFIED,9281,1723.6
cfi-rigid-z2,graphs/cfi-rigid-z2/cfi-rigid-z2-3344-04-2,3344,7296,PI_DIST,1,42,2,1064,4,3.14,5327,11552,6688,29184,544,8,6,81,1723.6,4104,0,4104,0,4104,0,3502,1000,0,180000,4,1.01,0,0,3344,,,CERTIFIED,8910,1723.6
cfi-rigid-z2,graphs/cfi-rigid-z2/cfi-rigid-z2-3432-01-1,3432,7488,PI_DIST,1,42,2,1092,4,3.14,6463,11856,6864,29952,544,8,6,88,1723.6,4212,0,4212,0,4212,0,10979,1002,0,180000,4,1.85,0,0,3432,,,CERTIFIED,17530,1723.6
cfi-rigid-z2,graphs/cfi-rigid-z2/cfi-rigid-z2-3432-01-2,3432,7488,PI_DIST,1,42,2,1092,4,3.14,6461,11856,6864,29952,544,8,6,132,1723.6,4212,0,4212,0,4212,0,5343,1005,0,180000,4,1.04,0,0,3432,,,CERTIFIED,11936,1723.6
cfi-rigid-z2,graphs/cfi-rigid-z2/cfi-rigid-z2-3432-02-1,3432,7488,PI_DIST,1,42,2,1092,4,3.14,7325,11856,6864,29952,544,8,6,124,1723.6,4212,0,4212,0,4212,0,6509,1005,0,180000,4,1.19,0,0,3432,,,CERTIFIED,13958,1723.6
cfi-rigid-z2,graphs/cfi-rigid-z2/cfi-rigid-z2-3432-02-2,3432,7488,PI_DIST,1,42,2,1092,4,3.14,6741,11856,6864,29952,544,8,6,71,1723.6,4212,0,4212,0,4212,0,4185,1005,0,180000,4,1.03,0,0,3432,,,CERTIFIED,10997,1723.6
cfi-rigid-z2,graphs/cfi-rigid-z2/cfi-rigid-z2-3432-03-1,3432,7488,PI_DIST,1,42,2,1092,4,3.14,6213,11856,6864,29952,544,8,6,74,1723.6,4212,0,4212,0,4212,0,6574,1005,0,180000,4,1.04,0,0,3432,,,CERTIFIED,12861,1723.6
cfi-rigid-z2,graphs/cfi-rigid-z2/cfi-rigid-z2-3432-03-2,3432,7488,PI_DIST,1,42,2,1092,4,3.14,6665,11856,6864,29952,544,8,6,85,1723.6,4212,0,4212,0,4212,0,3585,1000,0,180000,4,1.00,0,0,3432,,,CERTIFIED,10335,1723.6
cfi-rigid-z2,graphs/cfi-rigid-z2/cfi-rigid-z2-3432-04-1,3432,7488,PI_DIST,1,42,2,1092,4,3.14,7021,11856,6864,29952,544,8,6,73,1723.6,4212,0,4212,0,4212,0,4581,1002,0,180000,4,1.10,0,0,3432,,,CERTIFIED,11675,1723.6
cfi-rigid-z2,graphs/cfi-rigid-z2/cfi-rigid-z2-3432-04-2,3432,7488,PI_DIST,1,42,2,1092,4,3.14,5953,11856,6864,29952,544,8,6,106,1723.6,4212,0,4212,0,4212,0,4861,1005,0,180000,4,1.05,0,0,3432,,,CERTIFIED,10920,1723.6
cfi-rigid-z2,graphs/cfi-rigid-z2/cfi-rigid-z2-3520-01-1,3520,7680,PI_DIST,1,42,2,1120,4,3.14,4963,12160,7040,30720,544,8,6,83,1723.6,4320,0,4320,0,4320,0,2916,1002,0,180000,4,1.00,0,0,3520,,,CERTIFIED,7962,1723.6
cfi-rigid-z2,graphs/cfi-rigid-z2/cfi-rigid-z2-3520-01-2,3520,7680,PI_DIST,1,42,2,1120,4,3.14,6390,12160,7040,30720,544,8,6,85,1723.6,4320,0,4320,0,4320,0,3522,1001,0,180000,4,1.02,0,0,3520,,,CERTIFIED,9997,1723.6
cfi-rigid-z2,graphs/cfi-rigid-z2/cfi-rigid-z2-3520-02-1,3520,7680,PI_DIST,1,42,2,1120,4,3.14,5114,12160,7040,30720,544,8,6,112,1723.6,4320,0,4320,0,4320,0,3698,1001,0,180000,4,1.02,0,0,3520,,,CERTIFIED,8924,1843.3
cfi-rigid-z2,graphs/cfi-rigid-z2/cfi-rigid-z2-3520-02-2,3520,7680,PI_DIST,1,42,2,1120,4,3.14,6416,12160,7040,30720,544,8,6,94,1843.3,4320,0,4320,0,4320,0,4450,1004,0,180000,4,1.16,0,0,3520,,,CERTIFIED,10960,1843.3
cfi-rigid-z2,graphs/cfi-rigid-z2/cfi-rigid-z2-3520-03-1,3520,7680,PI_DIST,1,42,2,1120,4,3.14,7540,12160,7040,30720,544,8,6,127,1843.3,4320,0,4320,0,4320,0,3905,1001,0,180000,4,1.00,0,0,3520,,,CERTIFIED,11572,1843.3
cfi-rigid-z2,graphs/cfi-rigid-z2/cfi-rigid-z2-3520-03-2,3520,7680,PI_DIST,1,42,2,1120,4,3.14,6085,12160,7040,30720,544,8,6,76,1843.3,4320,0,4320,0,4320,0,4113,1003,0,180000,4,1.00,0,0,3520,,,CERTIFIED,10274,1843.3
cfi-rigid-z2,graphs/cfi-rigid-z2/cfi-rigid-z2-3520-04-1,3520,7680,PI_DIST,1,42,2,1120,4,3.14,8041,12160,7040,30720,544,8,6,124,1843.3,4320,0,4320,0,4320,0,6174,1002,0,180000,4,1.06,0,0,3520,,,CERTIFIED,14339,1843.3
cfi-rigid-z2,graphs/cfi-rigid-z2/cfi-rigid-z2-3520-04-2,3520,7680,PI_DIST,1,42,2,1120,4,3.14,7150,12160,7040,30720,544,8,6,90,1843.3,4320,0,4320,0,4320,0,5323,1004,0,180000,4,1.02,0,0,3520,,,CERTIFIED,12563,1843.3
cfi-rigid-z2,graphs/cfi-rigid-z2/cfi-rigid-z2-3608-01-1,3608,7872,PI_DIST,1,42,2,1148,4,3.14,7043,12464,7216,31488,544,8,6,127,1843.3,4428,0,4428,0,4428,0,6812,1001,0,180000,4,1.10,0,0,3608,,,CERTIFIED,13982,1843.3
cfi-rigid-z2,graphs/cfi-rigid-z2/cfi-rigid-z2-3608-01-2,3608,7872,PI_DIST,1,42,2,1148,4,3.14,8361,12464,7216,31488,544,8,6,79,1843.3,4428,0,4428,0,4428,0,4541,1004,0,180000,4,1.07,0,0,3608,,,CERTIFIED,12981,1843.3
cfi-rigid-z2,graphs/cfi-rigid-z2/cfi-rigid-z2-3608-02-1,3608,7872,PI_DIST,1,42,2,1148,4,3.14,7357,12464,7216,31488,544,8,6,128,1843.3,4428,0,4428,0,4428,0,6888,1006,0,180000,4,1.17,0,0,3608,,,CERTIFIED,14373,1843.3
cfi-rigid-z2,graphs/cfi-rigid-z2/cfi-rigid-z2-3608-02-2,3608,7872,PI_DIST,1,42,2,1148,4,3.14,5967,12464,7216,31488,544,8,6,82,1843.3,4428,0,4428,0,4428,0,6674,1004,0,180000,4,1.21,0,0,3608,,,CERTIFIED,12723,1843.3
cfi-rigid-z2,graphs/cfi-rigid-z2/cfi-rigid-z2-3608-03-1,3608,7872,PI_DIST,1,42,2,1148,4,3.14,6064,12464,7216,31488,544,8,6,108,1843.3,4428,0,4428,0,4428,0,3559,1003,0,180000,4,1.12,0,0,3608,,,CERTIFIED,9731,1843.3
cfi-rigid-z2,graphs/cfi-rigid-z2/cfi-rigid-z2-3608-03-2,3608,7872,PI_DIST,1,42,2,1148,4,3.14,6233,12464,7216,31488,544,8,6,110,1843.3,4428,0,4428,0,4428,0,9215,1004,0,180000,4,1.40,0,0,3608,,,CERTIFIED,15558,1843.3
cfi-rigid-z2,graphs/cfi-rigid-z2/cfi-rigid-z2-3608-04-1,3608,7872,PI_DIST,1,42,2,1148,4,3.14,6547,12464,7216,31488,544,8,6,108,1843.3,4428,0,4428,0,4428,0,5290,1001,0,180000,4,1.01,0,0,3608,,,CERTIFIED,11945,1917.2
cfi-rigid-z2,graphs/cfi-rigid-z2/cfi-rigid-z2-3608-04-2,3608,7872,PI_DIST,1,42,2,1148,4,3.14,7349,12464,7216,31488,544,8,6,120,1917.2,4428,0,4428,0,4428,0,5202,1003,0,180000,4,1.01,0,0,3608,,,CERTIFIED,12671,1917.2
cfi-rigid-z2,graphs/cfi-rigid-z2/cfi-rigid-z2-3696-01-1,3696,8064,PI_DIST,1,42,2,1176,4,3.14,6316,12768,7392,32256,544,8,6,83,1917.2,4536,0,4536,0,4536,0,6727,1000,0,180000,4,1.37,0,0,3696,,,CERTIFIED,13126,1917.2
cfi-rigid-z2,graphs/cfi-rigid-z2/cfi-rigid-z2-3696-01-2,3696,8064,PI_DIST,1,42,2,1176,4,3.14,7408,12768,7392,32256,544,8,6,133,1917.2,4536,0,4536,0,4536,0,4634,1002,0,180000,4,1.10,0,0,3696,,,CERTIFIED,12175,1917.2
cfi-rigid-z2,graphs/cfi-rigid-z2/cfi-rigid-z2-3696-02-1,3696,8064,PI_DIST,1,42,2,1176,4,3.14,7239,12768,7392,32256,544,8,6,107,1917.2,4536,0,4536,0,4536,0,4887,1005,0,180000,4,1.02,0,0,3696,,,CERTIFIED,12233,1917.2
cfi-rigid-z2,graphs/cfi-rigid-z2/cfi-rigid-z2-3696-02-2,3696,8064,PI_DIST,1,42,2,1176,4,3.14,6437,12768,7392,32256,544,8,6,87,1917.2,4536,0,4536,0,4536,0,5300,1005,0,180000,4,1.05,0,0,3696,,,CERTIFIED,11824,1917.2
cfi-rigid-z2,graphs/cfi-rigid-z2/cfi-rigid-z2-3696-03-1,3696,8064,PI_DIST,1,42,2,1176,4,3.14,7370,12768,7392,32256,544,8,6,94,1917.2,4536,0,4536,0,4536,0,4299,1004,0,180000,4,1.07,0,0,3696,,,CERTIFIED,11763,1917.2
cfi-rigid-z2,graphs/cfi-rigid-z2/cfi-rigid-z2-3696-03-2,3696,8064,PI_DIST,1,42,2,1176,4,3.14,7185,12768,7392,32256,544,8,6,82,1917.2,4536,0,4536,0,4536,0,6505,1004,0,180000,4,1.22,0,0,3696,,,CERTIFIED,13772,1917.2
cfi-rigid-z2,graphs/cfi-rigid-z2/cfi-rigid-z2-3696-04-1,3696,8064,PI_DIST,1,42,2,1176,4,3.14,9288,12768,7392,32256,544,8,6,167,1917.2,4536,0,4536,0,4536,0,3586,1003,0,180000,4,1.00,0,0,3696,,,CERTIFIED,13041,1917.2
cfi-rigid-z2,graphs/cfi-rigid-z2/cfi-rigid-z2-3696-04-2,3696,8064,PI_DIST,1,42,2,1176,4,3.14,7685,12768,7392,32256,544,8,6,135,1917.2,4536,0,4536,0,4536,0,5134,1000,0,180000,4,1.04,0,0,3696,,,CERTIFIED,12954,1917.2
cfi-rigid-z2,graphs/cfi-rigid-z2/cfi-rigid-z2-3784-01-1,3784,8256,PI_DIST,1,42,2,1204,4,3.14,9579,13072,7568,33024,544,8,6,145,1917.2,4644,0,4644,0,4644,0,6536,1001,0,180000,4,1.12,0,0,3784,,,CERTIFIED,16260,1917.2
cfi-rigid-z2,graphs/cfi-rigid-z2/cfi-rigid-z2-3784-01-2,3784,8256,PI_DIST,1,42,2,1204,4,3.14,7760,13072,7568,33024,544,8,6,127,1917.2,4644,0,4644,0,4644,0,15858,1537,0,180000,4,1.95,0,0,3784,,,CERTIFIED,23745,1917.2
cfi-rigid-z2,graphs/cfi-rigid-z2/cfi-rigid-z2-3784-02-1,3784,8256,PI_DIST,1,42,2,1204,4,3.14,8329,13072,7568,33024,544,8,6,189,1917.2,4644,0,4644,0,4644,0,16092,1662,0,180000,4,1.41,0,0,3784,,,CERTIFIED,24610,1917.2
cfi-rigid-z2,graphs/cfi-rigid-z2/cfi-rigid-z2-3784-02-2,3784,8256,PI_DIST,1,42,2,1204,4,3.14,8021,13072,7568,33024,544,8,6,148,1917.2,4644,0,4644,0,4644,0,7901,1005,0,180000,4,1.29,0,0,3784,,,CERTIFIED,16070,1917.2
cfi-rigid-z2,graphs/cfi-rigid-z2/cfi-rigid-z2-3784-03-1,3784,8256,PI_DIST,1,42,2,1204,4,3.14,8705,13072,7568,33024,544,8,6,158,1917.2,4644,0,4644,0,4644,0,5564,1008,0,180000,4,1.00,0,0,3784,,,CERTIFIED,14427,1917.2
cfi-rigid-z2,graphs/cfi-rigid-z2/cfi-rigid-z2-3784-03-2,3784,8256,PI_DIST,1,42,2,1204,4,3.14,8114,13072,7568,33024,544,8,6,125,1917.2,4644,0,4644,0,4644,0,5056,1005,0,180000,4,1.06,0,0,3784,,,CERTIFIED,13295,1917.2
cfi-rigid-z2,graphs/cfi-rigid-z2/cfi-rigid-z2-3784-04-1,3784,8256,PI_DIST,1,42,2,1204,4,3.14,6586,13072,7568,33024,544,8,6,86,1917.2,4644,0,4644,0,4644,0,7195,1005,0,180000,4,1.10,0,0,3784,,,CERTIFIED,13867,1917.2
cfi-rigid-z2,graphs/cfi-rigid-z2/cfi-rigid-z2-3784-04-2,3784,8256,PI_DIST,1,42,2,1204,4,3.14,8167,13072,7568,33024,544,8,6,137,1917.2,4644,0,4644,0,4644,0,10940,1001,0,180000,4,1.16,0,0,3784,,,CERTIFIED,19244,1917.2
cfi-rigid-z2,graphs/cfi-rigid-z2/cfi-rigid-z2-3872-01-1,3872,8448,PI_DIST,1,42,2,1232,4,3.14,7554,13376,7744,33792,544,8,6,144,1917.2,4752,0,4752,0,4752,0,5584,1001,0,180000,4,1.00,0,0,3872,,,CERTIFIED,13282,1917.2
cfi-rigid-z2,graphs/cfi-rigid-z2/cfi-rigid-z2-3872-01-2,3872,8448,PI_DIST,1,42,2,1232,4,3.14,6490,13376,7744,33792,544,8,6,89,1917.2,4752,0,4752,0,4752,0,5308,1000,0,180000,4,1.03,0,0,3872,,,CERTIFIED,11887,1917.2
cfi-rigid-z2,graphs/cfi-rigid-z2/cfi-rigid-z2-3872-02-1,3872,8448,PI_DIST,1,42,2,1232,4,3.14,7504,13376,7744,33792,544,8,6,94,1917.2,4752,0,4752,0,4752,0,14905,1064,0,180000,4,1.59,0,0,3872,,,CERTIFIED,22503,1917.2
cfi-rigid-z2,graphs/cfi-rigid-z2/cfi-rigid-z2-3872-02-2,3872,8448,PI_DIST,1,42,2,1232,4,3.14,8512,13376,7744,33792,544,8,6,157,1917.2,4752,0,4752,0,4752,0,33641,7650,0,180000,4,2.51,0,0,3872,,,CERTIFIED,42310,1917.2
cfi-rigid-z2,graphs/cfi-rigid-z2/cfi-rigid-z2-3872-03-1,3872,8448,PI_DIST,1,42,2,1232,4,3.14,11046,13376,7744,33792,544,8,6,185,1917.2,4752,0,4752,0,4752,0,11000,1003,0,180000,4,1.51,0,0,3872,,,CERTIFIED,22231,1917.2
cfi-rigid-z2,graphs/cfi-rigid-z2/cfi-rigid-z2-3872-03-2,3872,8448,PI_DIST,1,42,2,1232,4,3.14,10121,13376,7744,33792,544,8,6,175,1917.2,4752,0,4752,0,4752,0,5406,1005,0,180000,4,1.07,0,0,3872,,,CERTIFIED,15702,1917.2
cfi-rigid-z2,graphs/cfi-rigid-z2/cfi-rigid-z2-3872-04-1,3872,8448,PI_DIST,1,42,2,1232,4,3.14,8951,13376,7744,33792,544,8,6,85,1917.2,4752,0,4752,0,4752,0,4950,1005,0,180000,4,1.01,0,0,3872,,,CERTIFIED,13986,1917.2
cfi-rigid-z2,graphs/cfi-rigid-z2/cfi-rigid-z2-3872-04-2,3872,8448,PI_DIST,1,42,2,1232,4,3.14,7975,13376,7744,33792,544,8,6,155,1917.2,4752,0,4752,0,4752,0,4523,1005,0,180000,4,1.00,0,0,3872,,,CERTIFIED,12653,1917.2
cfi-rigid-z2,graphs/cfi-rigid-z2/cfi-rigid-z2-3960-01-1,3960,8640,PI_DIST,1,42,2,1260,4,3.14,7437,13680,7920,34560,544,8,6,103,1917.2,4860,0,4860,0,4860,0,15577,1407,0,180000,4,1.95,0,0,3960,,,CERTIFIED,23117,1917.2
cfi-rigid-z2,graphs/cfi-rigid-z2/cfi-rigid-z2-3960-01-2,3960,8640,PI_DIST,1,42,2,1260,4,3.14,7600,13680,7920,34560,544,8,6,147,1917.2,4860,0,4860,0,4860,0,17604,2135,0,180000,4,1.88,0,0,3960,,,CERTIFIED,25351,1917.2
cfi-rigid-z2,graphs/cfi-rigid-z2/cfi-rigid-z2-3960-02-1,3960,8640,PI_DIST,1,42,2,1260,4,3.14,9869,13680,7920,34560,544,8,6,179,1917.2,4860,0,4860,0,4860,0,6143,1005,0,180000,4,1.23,0,0,3960,,,CERTIFIED,16191,1917.2
cfi-rigid-z2,graphs/cfi-rigid-z2/cfi-rigid-z2-3960-02-2,3960,8640,PI_DIST,1,42,2,1260,4,3.14,9042,13680,7920,34560,544,8,6,171,1917.2,4860,0,4860,0,4860,0,6597,1005,0,180000,4,1.03,0,0,3960,,,CERTIFIED,15810,1917.2
cfi-rigid-z2,graphs/cfi-rigid-z2/cfi-rigid-z2-3960-03-1,3960,8640,PI_DIST,1,42,2,1260,4,3.14,9203,13680,7920,34560,544,8,6,164,1917.2,4860,0,4860,0,4860,0,7351,1001,0,180000,4,1.06,0,0,3960,,,CERTIFIED,16718,1917.2
cfi-rigid-z2,graphs/cfi-rigid-z2/cfi-rigid-z2-3960-03-2,3960,8640,PI_DIST,1,42,2,1260,4,3.14,10343,13680,7920,34560,544,8,6,165,1917.2,4860,0,4860,0,4860,0,21764,3940,0,180000,4,2.13,0,0,3960,,,CERTIFIED,32272,1917.2
cfi-rigid-z2,graphs/cfi-rigid-z2/cfi-rigid-z2-3960-04-1,3960,8640,PI_DIST,1,42,2,1260,4,3.14,8827,13680,7920,34560,544,8,6,167,1917.2,4860,0,4860,0,4860,0,15752,1625,0,180000,4,1.98,0,0,3960,,,CERTIFIED,24746,1917.2
cfi-rigid-z2,graphs/cfi-rigid-z2/cfi-rigid-z2-3960-04-2,3960,8640,PI_DIST,1,42,2,1260,4,3.14,7687,13680,7920,34560,544,8,6,124,1917.2,4860,0,4860,0,4860,0,17156,2203,0,180000,4,1.83,0,0,3960,,,CERTIFIED,24967,1917.2
cfi-rigid-z2,graphs/cfi-rigid-z2/cfi-rigid-z2-4048-01-1,4048,8832,PI_DIST,1,42,2,1288,4,3.14,9004,13984,8096,35328,544,8,6,174,1917.2,4968,0,4968,0,4968,0,9818,1002,0,180000,4,1.15,0,0,4048,,,CERTIFIED,18996,1917.2
cfi-rigid-z2,graphs/cfi-rigid-z2/cfi-rigid-z2-4048-01-2,4048,8832,PI_DIST,1,42,2,1288,4,3.14,8880,13984,8096,35328,544,8,6,103,1917.2,4968,0,4968,0,4968,0,10202,1006,0,180000,4,1.08,0,0,4048,,,CERTIFIED,19185,1917.2
cfi-rigid-z2,graphs/cfi-rigid-z2/cfi-rigid-z2-4048-02-1,4048,8832,PI_DIST,1,42,2,1288,4,3.14,8934,13984,8096,35328,544,8,6,161,1917.2,4968,0,4968,0,4968,0,7528,1004,0,180000,4,1.18,0,0,4048,,,CERTIFIED,16623,1917.2
cfi-rigid-z2,graphs/cfi-rigid-z2/cfi-rigid-z2-4048-02-2,4048,8832,PI_DIST,1,42,2,1288,4,3.14,8875,13984,8096,35328,544,8,6,103,1917.2,4968,0,4968,0,4968,0,6648,1008,0,180000,4,1.12,0,0,4048,,,CERTIFIED,15626,1917.2
cfi-rigid-z2,graphs/cfi-rigid-z2/cfi-rigid-z2-4048-03-1,4048,8832,PI_DIST,1,42,2,1288,4,3.14,8254,13984,8096,35328,544,8,6,103,1917.2,4968,0,4968,0,4968,0,6248,1003,0,180000,4,1.30,0,0,4048,,,CERTIFIED,14605,1917.2
cfi-rigid-z2,graphs/cfi-rigid-z2/cfi-rigid-z2-4048-03-2,4048,8832,PI_DIST,1,42,2,1288,4,3.14,8554,13984,8096,35328,544,8,6,108,1917.2,4968,0,4968,0,4968,0,5108,1002,0,180000,4,1.01,0,0,4048,,,CERTIFIED,13770,1917.2
cfi-rigid-z2,graphs/cfi-rigid-z2/cfi-rigid-z2-4048-04-1,4048,8832,PI_DIST,1,42,2,1288,4,3.14,8057,13984,8096,35328,544,8,6,105,1917.2,4968,0,4968,0,4968,0,9918,1000,0,180000,4,1.43,0,0,4048,,,CERTIFIED,18080,1917.2
cfi-rigid-z2,graphs/cfi-rigid-z2/cfi-rigid-z2-4048-04-2,4048,8832,PI_DIST,1,42,2,1288,4,3.14,8225,13984,8096,35328,544,8,6,101,1917.2,4968,0,4968,0,4968,0,7257,1001,0,180000,4,1.37,0,0,4048,,,CERTIFIED,15583,1917.2
cfi-rigid-z2,graphs/cfi-rigid-z2/cfi-rigid-z2-4136-01-1,4136,9024,PI_DIST,1,42,2,1316,4,3.14,8222,14288,8272,36096,544,8,6,96,1917.2,5076,0,5076,0,5076,0,5907,1005,0,180000,4,1.01,0,0,4136,,,CERTIFIED,14225,1917.2
cfi-rigid-z2,graphs/cfi-rigid-z2/cfi-rigid-z2-4136-01-2,4136,9024,PI_DIST,1,42,2,1316,4,3.14,8307,14288,8272,36096,544,8,6,99,1917.2,5076,0,5076,0,5076,0,7628,1010,0,180000,4,1.29,0,0,4136,,,CERTIFIED,16034,1917.2
cfi-rigid-z2,graphs/cfi-rigid-z2/cfi-rigid-z2-4136-02-1,4136,9024,PI_DIST,1,42,2,1316,4,3.14,9534,14288,8272,36096,544,8,6,109,1917.2,5076,0,5076,0,5076,0,9853,1004,0,180000,4,1.23,0,0,4136,,,CERTIFIED,19496,1917.2
cfi-rigid-z2,graphs/cfi-rigid-z2/cfi-rigid-z2-4136-02-2,4136,9024,PI_DIST,1,42,2,1316,4,3.14,9099,14288,8272,36096,544,8,6,117,1917.2,5076,0,5076,0,5076,0,14501,1312,0,180000,4,1.51,0,0,4136,,,CERTIFIED,23717,1917.2
cfi-rigid-z2,graphs/cfi-rigid-z2/cfi-rigid-z2-4136-03-1,4136,9024,PI_DIST,1,42,2,1316,4,3.14,7545,14288,8272,36096,544,8,6,107,1917.2,5076,0,5076,0,5076,0,7466,1005,0,180000,4,1.11,0,0,4136,,,CERTIFIED,15118,1917.2
cfi-rigid-z2,graphs/cfi-rigid-z2/cfi-rigid-z2-4136-03-2,4136,9024,PI_DIST,1,42,2,1316,4,3.14,8993,14288,8272,36096,544,8,6,125,1917.2,5076,0,5076,0,5076,0,17189,1895,0,180000,4,1.52,0,0,4136,,,CERTIFIED,26307,1917.2
cfi-rigid-z2,graphs/cfi-rigid-z2/cfi-rigid-z2-4136-04-1,4136,9024,PI_DIST,1,42,2,1316,4,3.14,7953,14288,8272,36096,544,8,6,106,1917.2,5076,0,5076,0,5076,0,12280,1003,0,180000,4,1.34,0,0,4136,,,CERTIFIED,20339,1917.2
cfi-rigid-z2,graphs/cfi-rigid-z2/cfi-rigid-z2-4136-04-2,4136,9024,PI_DIST,1,42,2,1316,4,3.14,9468,14288,8272,36096,544,8,6,156,1917.2,5076,0,5076,0,5076,0,5728,1003,0,180000,4,1.00,0,0,4136,,,CERTIFIED,15352,1917.2
