family,instance,n,m,config,repeat,seed,classes_1wl,classes_pi,class_size_max,class_size_mean,colouring_ms,variables,clauses_bijection,clauses_edge,clauses_implied,anchors_k,dmax,encode_ms,formula_peak_rss_mb,queries_issued,queries_skipped_witness,queries_skipped_separation,sat,unsat,unknown,solve_ms_total,solve_ms_max,solve_ms_median,per_query_timeout_ms,workers,straggler_ratio,witnesses_verified,witnesses_rejected,recovered_orbits,true_orbits,gt_source,status,total_ms,peak_rss_mb,wl1_original,pi_subdivision,pi_to_original,colouring_used,subdivided,subdivision_mode,n_solved,filter_mode,global_edge_clause_estimate,per_query_edge_clause_estimate
cfi-rigid-t2,graphs/cfi-rigid-t2/cfi-rigid-t2-0016-04-1,16,76,WL_DIST,1,42,2,2,8,8.00,49,128,32,1888,4224,8,6,28,72.5,15,59,38,5,10,0,29,2,0,180000,2,1.03,5,0,5,,,CERTIFIED,106,77.6,2,,,WL1_ORIGINAL,false,OFF,16,GLOBAL,1888,
cfi-rigid-t2,graphs/cfi-rigid-t2/cfi-rigid-t2-0016-04-2,16,76,WL_DIST,1,42,2,2,8,8.00,0,128,32,1888,4224,8,6,6,79.6,10,61,41,3,7,0,12,1,0,180000,2,1.00,3,0,5,,,CERTIFIED,18,81.6,2,,,WL1_ORIGINAL,false,OFF,16,GLOBAL,1888,
cfi-rigid-t2,graphs/cfi-rigid-t2/cfi-rigid-t2-0020-01-1,20,118,WL_DIST,1,42,2,2,16,10.00,0,272,40,8728,10976,8,6,16,85.6,20,47,185,3,17,0,29,1,0,180000,2,1.06,3,0,7,,,CERTIFIED,45,93.4,2,,,WL1_ORIGINAL,false,OFF,20,GLOBAL,8728,
cfi-rigid-t2,graphs/cfi-rigid-t2/cfi-rigid-t2-0020-01-2,20,118,WL_DIST,1,42,2,2,16,10.00,0,272,40,8728,10976,8,6,8,98.4,12,47,193,3,9,0,37,1,0,180000,2,1.00,3,0,7,,,CERTIFIED,45,115.0,2,,,WL1_ORIGINAL,false,OFF,20,GLOBAL,8728,
cfi-rigid-t2,graphs/cfi-rigid-t2/cfi-rigid-t2-0020-02-1,20,118,WL_DIST,1,42,5,5,4,4.00,0,80,40,632,1088,8,6,1,115.1,6,19,35,1,5,0,3,0,0,180000,2,1.00,1,0,10,,,CERTIFIED,4,117.1,5,,,WL1_ORIGINAL,false,OFF,20,GLOBAL,632,
cfi-rigid-t2,graphs/cfi-rigid-t2/cfi-rigid-t2-0020-02-2,20,118,WL_DIST,1,42,5,5,4,4.00,0,80,40,632,1120,8,6,1,117.1,7,19,34,1,6,0,5,0,0,180000,2,1.14,1,0,10,,,CERTIFIED,6,117.3,5,,,WL1_ORIGINAL,false,OFF,20,GLOBAL,632,
cfi-rigid-t2,graphs/cfi-rigid-t2/cfi-rigid-t2-0020-03-1,20,118,WL_DIST,1,42,5,5,4,4.00,0,80,40,632,960,8,6,2,120.2,6,19,35,1,5,0,4,0,0,180000,2,1.14,1,0,10,,,CERTIFIED,6,120.4,5,,,WL1_ORIGINAL,false,OFF,20,GLOBAL,632,
cfi-rigid-t2,graphs/cfi-rigid-t2/cfi-rigid-t2-0020-03-2,20,118,WL_DIST,1,42,5,5,4,4.00,0,80,40,632,992,8,6,2,124.6,7,19,34,1,6,0,5,0,0,180000,2,1.00,1,0,10,,,CERTIFIED,7,126.6,5,,,WL1_ORIGINAL,false,OFF,20,GLOBAL,632,
cfi-rigid-t2,graphs/cfi-rigid-t2/cfi-rigid-t2-0040-04-1,40,264,WL_DIST,1,42,10,10,4,4.00,0,160,80,1728,1312,8,6,2,129.7,3,117,0,3,0,0,12,0,0,180000,2,1.05,3,0,10,,,CERTIFIED,14,132.3,10,,,WL1_ORIGINAL,false,OFF,40,GLOBAL,1728,
cfi-rigid-t2,graphs/cfi-rigid-t2/cfi-rigid-t2-0040-04-2,40,264,WL_DIST,1,42,10,10,4,4.00,0,160,80,1728,1504,8,6,2,134.3,3,117,0,3,0,0,9,1,0,180000,2,1.00,3,0,10,,,CERTIFIED,11,137.8,10,,,WL1_ORIGINAL,false,OFF,40,GLOBAL,1728,
cfi-rigid-t2,graphs/cfi-rigid-t2/cfi-rigid-t2-0044-01-1,44,310,WL_DIST,1,42,11,11,4,4.00,0,176,88,2072,1472,8,6,6,142.3,38,22,72,2,36,0,6,1,0,180000,2,1.00,2,0,32,,,CERTIFIED,12,143.5,11,,,WL1_ORIGINAL,false,OFF,44,GLOBAL,2072,
cfi-rigid-t2,graphs/cfi-rigid-t2/cfi-rigid-t2-0044-01-2,44,310,WL_DIST,1,42,11,11,4,4.00,0,176,88,2072,1728,8,6,2,143.5,38,23,71,1,37,0,9,1,0,180000,2,1.00,1,0,32,,,CERTIFIED,11,143.5,11,,,WL1_ORIGINAL,false,OFF,44,GLOBAL,2072,
cfi-rigid-t2,graphs/cfi-rigid-t2/cfi-rigid-t2-0048-01-1,48,380,WL_DIST,1,42,12,12,4,4.00,1,192,96,2608,2112,8,6,3,143.6,72,0,72,0,72,0,6,1,0,180000,2,1.09,0,0,48,,,CERTIFIED,10,143.7,12,,,WL1_ORIGINAL,false,OFF,48,GLOBAL,2608,
cfi-rigid-t2,graphs/cfi-rigid-t2/cfi-rigid-t2-0048-01-2,48,380,WL_DIST,1,42,12,12,4,4.00,0,192,96,2608,1824,8,6,2,143.7,72,0,72,0,72,0,8,1,0,180000,2,1.00,0,0,48,,,CERTIFIED,10,143.9,12,,,WL1_ORIGINAL,false,OFF,48,GLOBAL,2608,
cfi-rigid-t2,graphs/cfi-rigid-t2/cfi-rigid-t2-0048-02-1,48,368,WL_DIST,1,42,12,12,4,4.00,0,192,96,2464,1920,8,6,2,143.9,72,0,72,0,72,0,5,1,0,180000,2,1.00,0,0,48,,,CERTIFIED,7,143.9,12,,,WL1_ORIGINAL,false,OFF,48,GLOBAL,2464,
cfi-rigid-t2,graphs/cfi-rigid-t2/cfi-rigid-t2-0048-02-2,48,368,WL_DIST,1,42,12,12,4,4.00,0,192,96,2464,1568,8,6,2,145.9,72,0,72,0,72,0,11,1,0,180000,2,1.00,0,0,48,,,CERTIFIED,13,146.1,12,,,WL1_ORIGINAL,false,OFF,48,GLOBAL,2464,
cfi-rigid-t2,graphs/cfi-rigid-t2/cfi-rigid-t2-0048-03-1,48,372,WL_DIST,1,42,12,12,4,4.00,0,192,96,2544,1664,8,6,3,146.1,72,0,72,0,72,0,8,0,0,180000,2,1.00,0,0,48,,,CERTIFIED,11,147.1,12,,,WL1_ORIGINAL,false,OFF,48,GLOBAL,2544,
cfi-rigid-t2,graphs/cfi-rigid-t2/cfi-rigid-t2-0048-03-2,48,372,WL_DIST,1,42,12,12,4,4.00,0,192,96,2544,2112,8,6,2,147.7,72,0,72,0,72,0,6,1,0,180000,2,1.09,0,0,48,,,CERTIFIED,8,149.1,12,,,WL1_ORIGINAL,false,OFF,48,GLOBAL,2544,
cfi-rigid-t2,graphs/cfi-rigid-t2/cfi-rigid-t2-0048-04-1,48,372,WL_DIST,1,42,12,12,4,4.00,1,192,96,2448,1536,8,6,2,150.5,72,0,72,0,72,0,8,1,0,180000,2,1.00,0,0,48,,,CERTIFIED,11,150.6,12,,,WL1_ORIGINAL,false,OFF,48,GLOBAL,2448,
cfi-rigid-t2,graphs/cfi-rigid-t2/cfi-rigid-t2-0048-04-2,48,372,WL_DIST,1,42,12,12,4,4.00,0,192,96,2448,1664,8,6,2,154.0,72,0,72,0,72,0,7,1,0,180000,2,1.09,0,0,48,,,CERTIFIED,9,158.6,12,,,WL1_ORIGINAL,false,OFF,48,GLOBAL,2448,
cfi-rigid-t2,graphs/cfi-rigid-t2/cfi-rigid-t2-0072-01-1,72,572,WL_DIST,1,42,18,18,4,4.00,0,288,144,3856,1632,8,6,3,160.7,108,0,108,0,108,0,10,1,0,180000,2,1.00,0,0,72,,,CERTIFIED,13,163.7,18,,,WL1_ORIGINAL,false,OFF,72,GLOBAL,3856,
cfi-rigid-t2,graphs/cfi-rigid-t2/cfi-rigid-t2-0072-01-2,72,572,WL_DIST,1,42,18,18,4,4.00,0,288,144,3856,1952,8,6,3,163.7,108,0,108,0,108,0,15,1,0,180000,2,1.00,0,0,72,,,CERTIFIED,18,163.7,18,,,WL1_ORIGINAL,false,OFF,72,GLOBAL,3856,
cfi-rigid-t2,graphs/cfi-rigid-t2/cfi-rigid-t2-0072-02-1,72,564,WL_DIST,1,42,18,18,4,4.00,0,288,144,3792,1792,8,6,2,163.9,108,0,108,0,108,0,11,1,0,180000,2,1.05,0,0,72,,,CERTIFIED,13,169.1,18,,,WL1_ORIGINAL,false,OFF,72,GLOBAL,3792,
cfi-rigid-t2,graphs/cfi-rigid-t2/cfi-rigid-t2-0072-02-2,72,564,WL_DIST,1,42,18,18,4,4.00,0,288,144,3792,1952,8,6,3,169.1,108,0,108,0,108,0,10,1,0,180000,2,1.00,0,0,72,,,CERTIFIED,13,169.9,18,,,WL1_ORIGINAL,false,OFF,72,GLOBAL,3792,
cfi-rigid-t2,graphs/cfi-rigid-t2/cfi-rigid-t2-0072-03-1,72,556,WL_DIST,1,42,18,18,4,4.00,1,288,144,3632,1408,8,6,2,169.9,108,0,108,0,108,0,12,1,0,180000,2,1.04,0,0,72,,,CERTIFIED,15,171.3,18,,,WL1_ORIGINAL,false,OFF,72,GLOBAL,3632,
cfi-rigid-t2,graphs/cfi-rigid-t2/cfi-rigid-t2-0072-03-2,72,556,WL_DIST,1,42,18,18,4,4.00,1,288,144,3632,1792,8,6,3,171.3,108,0,108,0,108,0,10,1,0,180000,2,1.00,0,0,72,,,CERTIFIED,14,174.8,18,,,WL1_ORIGINAL,false,OFF,72,GLOBAL,3632,
cfi-rigid-t2,graphs/cfi-rigid-t2/cfi-rigid-t2-0072-04-1,72,568,WL_DIST,1,42,18,18,4,4.00,0,288,144,3968,1856,8,6,3,176.9,108,0,108,0,108,0,10,1,0,180000,2,1.00,0,0,72,,,CERTIFIED,13,178.9,18,,,WL1_ORIGINAL,false,OFF,72,GLOBAL,3968,
cfi-rigid-t2,graphs/cfi-rigid-t2/cfi-rigid-t2-0072-04-2,72,568,WL_DIST,1,42,18,18,4,4.00,1,288,144,3968,1920,8,6,3,183.0,108,0,108,0,108,0,21,1,0,180000,2,1.00,0,0,72,,,CERTIFIED,25,187.2,18,,,WL1_ORIGINAL,false,OFF,72,GLOBAL,3968,
cfi-rigid-t2,graphs/cfi-rigid-t2/cfi-rigid-t2-0096-01-1,96,760,WL_DIST,1,42,24,24,4,4.00,0,384,192,5312,1600,8,6,4,187.2,144,0,144,0,144,0,11,1,0,180000,2,1.00,0,0,96,,,CERTIFIED,15,188.2,24,,,WL1_ORIGINAL,false,OFF,96,GLOBAL,5312,
cfi-rigid-t2,graphs/cfi-rigid-t2/cfi-rigid-t2-0096-01-2,96,760,WL_DIST,1,42,24,24,4,4.00,1,384,192,5312,1952,8,6,4,188.2,144,0,144,0,144,0,9,1,0,180000,2,1.00,0,0,96,,,CERTIFIED,14,188.2,24,,,WL1_ORIGINAL,false,OFF,96,GLOBAL,5312,
cfi-rigid-t2,graphs/cfi-rigid-t2/cfi-rigid-t2-0096-02-1,96,788,WL_DIST,1,42,24,24,4,4.00,0,384,192,5488,1824,8,6,4,188.7,144,0,144,0,144,0,20,1,0,180000,2,1.00,0,0,96,,,CERTIFIED,24,188.7,24,,,WL1_ORIGINAL,false,OFF,96,GLOBAL,5488,
cfi-rigid-t2,graphs/cfi-rigid-t2/cfi-rigid-t2-0096-02-2,96,788,WL_DIST,1,42,24,24,4,4.00,1,384,192,5488,1920,8,6,4,189.8,144,0,144,0,144,0,10,1,0,180000,2,1.00,0,0,96,,,CERTIFIED,15,189.8,24,,,WL1_ORIGINAL,false,OFF,96,GLOBAL,5488,
cfi-rigid-t2,graphs/cfi-rigid-t2/cfi-rigid-t2-0096-03-1,96,788,WL_DIST,1,42,24,24,4,4.00,1,384,192,5584,1856,8,6,5,189.8,144,0,144,0,144,0,18,1,0,180000,2,1.00,0,0,96,,,CERTIFIED,24,190.0,24,,,WL1_ORIGINAL,false,OFF,96,GLOBAL,5584,
cfi-rigid-t2,graphs/cfi-rigid-t2/cfi-rigid-t2-0096-03-2,96,788,WL_DIST,1,42,24,24,4,4.00,0,384,192,5584,1472,8,6,4,192.0,144,0,144,0,144,0,13,1,0,180000,2,1.00,0,0,96,,,CERTIFIED,17,194.0,24,,,WL1_ORIGINAL,false,OFF,96,GLOBAL,5584,
cfi-rigid-t2,graphs/cfi-rigid-t2/cfi-rigid-t2-0096-04-1,96,764,WL_DIST,1,42,24,24,4,4.00,0,384,192,5200,1984,8,6,4,194.4,144,0,144,0,144,0,8,1,0,180000,2,1.00,0,0,96,,,CERTIFIED,12,194.4,24,,,WL1_ORIGINAL,false,OFF,96,GLOBAL,5200,
cfi-rigid-t2,graphs/cfi-rigid-t2/cfi-rigid-t2-0096-04-2,96,764,WL_DIST,1,42,24,24,4,4.00,0,384,192,5200,1600,8,6,2,194.4,144,0,144,0,144,0,8,1,0,180000,2,1.00,0,0,96,,,CERTIFIED,10,194.4,24,,,WL1_ORIGINAL,false,OFF,96,GLOBAL,5200,
cfi-rigid-t2,graphs/cfi-rigid-t2/cfi-rigid-t2-0116-02-1,116,922,WL_DIST,1,42,29,29,4,4.00,0,464,232,6536,1984,8,6,4,194.4,50,99,199,1,49,0,13,1,0,180000,2,1.05,1,0,66,,,CERTIFIED,17,194.7,29,,,WL1_ORIGINAL,false,OFF,116,GLOBAL,6536,
cfi-rigid-t2,graphs/cfi-rigid-t2/cfi-rigid-t2-0116-02-2,116,922,WL_DIST,1,42,29,29,4,4.00,0,464,232,6536,1440,8,6,3,194.7,51,98,199,2,49,0,12,1,0,180000,2,1.04,2,0,66,,,CERTIFIED,15,194.7,29,,,WL1_ORIGINAL,false,OFF,116,GLOBAL,6536,
cfi-rigid-t2,graphs/cfi-rigid-t2/cfi-rigid-t2-0120-01-1,120,964,WL_DIST,1,42,30,30,4,4.00,0,480,240,6800,1856,8,6,4,194.7,180,0,180,0,180,0,12,1,0,180000,2,1.00,0,0,120,,,CERTIFIED,16,194.7,30,,,WL1_ORIGINAL,false,OFF,120,GLOBAL,6800,
cfi-rigid-t2,graphs/cfi-rigid-t2/cfi-rigid-t2-0120-01-2,120,964,WL_DIST,1,42,30,30,4,4.00,0,480,240,6800,2080,8,6,7,194.7,180,0,180,0,180,0,11,1,0,180000,2,1.00,0,0,120,,,CERTIFIED,18,194.8,30,,,WL1_ORIGINAL,false,OFF,120,GLOBAL,6800,
cfi-rigid-t2,graphs/cfi-rigid-t2/cfi-rigid-t2-0120-03-1,120,964,WL_DIST,1,42,30,30,4,4.00,1,480,240,6896,1984,8,6,4,194.8,180,0,180,0,180,0,11,1,0,180000,2,1.10,0,0,120,,,CERTIFIED,16,195.1,30,,,WL1_ORIGINAL,false,OFF,120,GLOBAL,6896,
cfi-rigid-t2,graphs/cfi-rigid-t2/cfi-rigid-t2-0120-03-2,120,964,WL_DIST,1,42,30,30,4,4.00,1,480,240,6896,1472,8,6,3,195.1,180,0,180,0,180,0,11,1,0,180000,2,1.00,0,0,120,,,CERTIFIED,15,195.1,30,,,WL1_ORIGINAL,false,OFF,120,GLOBAL,6896,
cfi-rigid-t2,graphs/cfi-rigid-t2/cfi-rigid-t2-0120-04-1,120,980,WL_DIST,1,42,30,30,4,4.00,0,480,240,7024,2368,8,6,4,195.1,180,0,180,0,180,0,13,1,0,180000,2,1.05,0,0,120,,,CERTIFIED,17,195.2,30,,,WL1_ORIGINAL,false,OFF,120,GLOBAL,7024,
cfi-rigid-t2,graphs/cfi-rigid-t2/cfi-rigid-t2-0120-04-2,120,980,WL_DIST,1,42,30,30,4,4.00,1,480,240,7024,1856,8,6,4,195.2,180,0,180,0,180,0,12,1,0,180000,2,1.00,0,0,120,,,CERTIFIED,17,195.2,30,,,WL1_ORIGINAL,false,OFF,120,GLOBAL,7024,
cfi-rigid-t2,graphs/cfi-rigid-t2/cfi-rigid-t2-0144-01-1,144,1148,WL_DIST,1,42,36,36,4,4.00,0,576,288,8080,2112,8,6,5,201.3,216,0,216,0,216,0,16,1,0,180000,2,1.00,0,0,144,,,CERTIFIED,21,211.8,36,,,WL1_ORIGINAL,false,OFF,144,GLOBAL,8080,
cfi-rigid-t2,graphs/cfi-rigid-t2/cfi-rigid-t2-0144-01-2,144,1148,WL_DIST,1,42,36,36,4,4.00,0,576,288,8080,1568,8,6,6,219.8,216,0,216,0,216,0,15,2,0,180000,2,1.04,0,0,144,,,CERTIFIED,21,219.8,36,,,WL1_ORIGINAL,false,OFF,144,GLOBAL,8080,
cfi-rigid-t2,graphs/cfi-rigid-t2/cfi-rigid-t2-0144-02-1,144,1168,WL_DIST,1,42,36,36,4,4.00,1,576,288,8384,1344,8,6,5,219.8,216,0,216,0,216,0,15,1,0,180000,2,1.00,0,0,144,,,CERTIFIED,21,219.8,36,,,WL1_ORIGINAL,false,OFF,144,GLOBAL,8384,
cfi-rigid-t2,graphs/cfi-rigid-t2/cfi-rigid-t2-0144-02-2,144,1168,WL_DIST,1,42,36,36,4,4.00,0,576,288,8384,2080,8,6,5,219.8,216,0,216,0,216,0,14,1,0,180000,2,1.00,0,0,144,,,CERTIFIED,19,219.8,36,,,WL1_ORIGINAL,false,OFF,144,GLOBAL,8384,
cfi-rigid-t2,graphs/cfi-rigid-t2/cfi-rigid-t2-0144-03-1,144,1168,WL_DIST,1,42,36,36,4,4.00,0,576,288,8288,2240,8,6,5,219.8,216,0,216,0,216,0,14,1,0,180000,2,1.00,0,0,144,,,CERTIFIED,19,219.8,36,,,WL1_ORIGINAL,false,OFF,144,GLOBAL,8288,
cfi-rigid-t2,graphs/cfi-rigid-t2/cfi-rigid-t2-0144-03-2,144,1168,WL_DIST,1,42,36,36,4,4.00,1,576,288,8288,1440,8,6,5,219.8,216,0,216,0,216,0,15,1,0,180000,2,1.00,0,0,144,,,CERTIFIED,21,219.8,36,,,WL1_ORIGINAL,false,OFF,144,GLOBAL,8288,
cfi-rigid-t2,graphs/cfi-rigid-t2/cfi-rigid-t2-0144-04-1,144,1164,WL_DIST,1,42,36,36,4,4.00,1,576,288,8400,1856,8,6,4,219.8,216,0,216,0,216,0,15,1,0,180000,2,1.00,0,0,144,,,CERTIFIED,20,219.9,36,,,WL1_ORIGINAL,false,OFF,144,GLOBAL,8400,
cfi-rigid-t2,graphs/cfi-rigid-t2/cfi-rigid-t2-0144-04-2,144,1164,WL_DIST,1,42,36,36,4,4.00,1,576,288,8400,1984,8,6,5,219.9,216,0,216,0,216,0,14,1,0,180000,2,1.00,0,0,144,,,CERTIFIED,20,219.9,36,,,WL1_ORIGINAL,false,OFF,144,GLOBAL,8400,
cfi-rigid-t2,graphs/cfi-rigid-t2/cfi-rigid-t2-0168-01-1,168,1340,WL_DIST,1,42,42,42,4,4.00,0,672,336,9328,1344,8,6,6,219.9,252,0,252,0,252,0,17,2,0,180000,2,1.00,0,0,168,,,CERTIFIED,23,220.1,42,,,WL1_ORIGINAL,false,OFF,168,GLOBAL,9328,
cfi-rigid-t2,graphs/cfi-rigid-t2/cfi-rigid-t2-0168-01-2,168,1340,WL_DIST,1,42,42,42,4,4.00,0,672,336,9328,1600,8,6,6,220.1,252,0,252,0,252,0,23,2,0,180000,2,1.02,0,0,168,,,CERTIFIED,29,220.2,42,,,WL1_ORIGINAL,false,OFF,168,GLOBAL,9328,
cfi-rigid-t2,graphs/cfi-rigid-t2/cfi-rigid-t2-0168-02-1,168,1360,WL_DIST,1,42,42,42,4,4.00,0,672,336,9632,1056,8,6,6,220.2,252,0,252,0,252,0,16,2,0,180000,2,1.04,0,0,168,,,CERTIFIED,22,220.2,42,,,WL1_ORIGINAL,false,OFF,168,GLOBAL,9632,
cfi-rigid-t2,graphs/cfi-rigid-t2/cfi-rigid-t2-0168-02-2,168,1360,WL_DIST,1,42,42,42,4,4.00,1,672,336,9632,1728,8,6,5,220.2,252,0,252,0,252,0,15,2,0,180000,2,1.00,0,0,168,,,CERTIFIED,21,220.2,42,,,WL1_ORIGINAL,false,OFF,168,GLOBAL,9632,
cfi-rigid-t2,graphs/cfi-rigid-t2/cfi-rigid-t2-0168-03-1,168,1336,WL_DIST,1,42,42,42,4,4.00,1,672,336,9440,1984,8,6,5,220.2,252,0,252,0,252,0,20,3,0,180000,2,1.00,0,0,168,,,CERTIFIED,26,220.2,42,,,WL1_ORIGINAL,false,OFF,168,GLOBAL,9440,
cfi-rigid-t2,graphs/cfi-rigid-t2/cfi-rigid-t2-0168-03-2,168,1336,WL_DIST,1,42,42,42,4,4.00,0,672,336,9440,1600,8,6,6,220.2,252,0,252,0,252,0,21,2,0,180000,2,1.03,0,0,168,,,CERTIFIED,27,220.3,42,,,WL1_ORIGINAL,false,OFF,168,GLOBAL,9440,
cfi-rigid-t2,graphs/cfi-rigid-t2/cfi-rigid-t2-0168-04-1,168,1344,WL_DIST,1,42,42,42,4,4.00,1,672,336,9504,1856,8,6,5,220.3,252,0,252,0,252,0,17,2,0,180000,2,1.03,0,0,168,,,CERTIFIED,23,220.3,42,,,WL1_ORIGINAL,false,OFF,168,GLOBAL,9504,
cfi-rigid-t2,graphs/cfi-rigid-t2/cfi-rigid-t2-0168-04-2,168,1344,WL_DIST,1,42,42,42,4,4.00,0,672,336,9504,1984,8,6,6,220.3,252,0,252,0,252,0,18,1,0,180000,2,1.03,0,0,168,,,CERTIFIED,24,220.3,42,,,WL1_ORIGINAL,false,OFF,168,GLOBAL,9504,
cfi-rigid-t2,graphs/cfi-rigid-t2/cfi-rigid-t2-0192-01-1,192,1548,WL_DIST,1,42,48,48,4,4.00,0,768,384,11088,1728,8,6,6,220.3,288,0,288,0,288,0,23,2,0,180000,2,1.00,0,0,192,,,CERTIFIED,29,220.6,48,,,WL1_ORIGINAL,false,OFF,192,GLOBAL,11088,
cfi-rigid-t2,graphs/cfi-rigid-t2/cfi-rigid-t2-0192-01-2,192,1548,WL_DIST,1,42,48,48,4,4.00,0,768,384,11088,1600,8,6,7,227.7,288,0,288,0,288,0,19,1,0,180000,2,1.00,0,0,192,,,CERTIFIED,26,239.7,48,,,WL1_ORIGINAL,false,OFF,192,GLOBAL,11088,
cfi-rigid-t2,graphs/cfi-rigid-t2/cfi-rigid-t2-0192-02-1,192,1548,WL_DIST,1,42,48,48,4,4.00,0,768,384,10992,2208,8,6,7,249.8,288,0,288,0,288,0,17,2,0,180000,2,1.03,0,0,192,,,CERTIFIED,24,249.8,48,,,WL1_ORIGINAL,false,OFF,192,GLOBAL,10992,
cfi-rigid-t2,graphs/cfi-rigid-t2/cfi-rigid-t2-0192-02-2,192,1548,WL_DIST,1,42,48,48,4,4.00,1,768,384,10992,1952,8,6,7,249.8,288,0,288,0,288,0,20,2,0,180000,2,1.00,0,0,192,,,CERTIFIED,28,249.8,48,,,WL1_ORIGINAL,false,OFF,192,GLOBAL,10992,
cfi-rigid-t2,graphs/cfi-rigid-t2/cfi-rigid-t2-0192-03-1,192,1556,WL_DIST,1,42,48,48,4,4.00,1,768,384,11056,1952,8,6,6,249.8,288,0,288,0,288,0,24,3,0,180000,2,1.00,0,0,192,,,CERTIFIED,31,249.8,48,,,WL1_ORIGINAL,false,OFF,192,GLOBAL,11056,
cfi-rigid-t2,graphs/cfi-rigid-t2/cfi-rigid-t2-0192-03-2,192,1556,WL_DIST,1,42,48,48,4,4.00,1,768,384,11056,1600,8,6,6,249.9,288,0,288,0,288,0,21,2,0,180000,2,1.00,0,0,192,,,CERTIFIED,28,249.9,48,,,WL1_ORIGINAL,false,OFF,192,GLOBAL,11056,
cfi-rigid-t2,graphs/cfi-rigid-t2/cfi-rigid-t2-0192-04-1,192,1560,WL_DIST,1,42,48,48,4,4.00,1,768,384,11040,2080,8,6,7,249.9,288,0,288,0,288,0,19,2,0,180000,2,1.03,0,0,192,,,CERTIFIED,27,249.9,48,,,WL1_ORIGINAL,false,OFF,192,GLOBAL,11040,
cfi-rigid-t2,graphs/cfi-rigid-t2/cfi-rigid-t2-0192-04-2,192,1560,WL_DIST,1,42,48,48,4,4.00,1,768,384,11040,2240,8,6,6,249.9,288,0,288,0,288,0,20,2,0,180000,2,1.03,0,0,192,,,CERTIFIED,27,249.9,48,,,WL1_ORIGINAL,false,OFF,192,GLOBAL,11040,
cfi-rigid-t2,graphs/cfi-rigid-t2/cfi-rigid-t2-0216-01-1,216,1748,WL_DIST,1,42,54,54,4,4.00,1,864,432,12400,2368,8,6,7,249.9,324,0,324,0,324,0,33,3,0,180000,2,1.00,0,0,216,,,CERTIFIED,41,250.3,54,,,WL1_ORIGINAL,false,OFF,216,GLOBAL,12400,
cfi-rigid-t2,graphs/cfi-rigid-t2/cfi-rigid-t2-0216-01-2,216,1748,WL_DIST,1,42,54,54,4,4.00,1,864,432,12400,1728,8,6,7,250.3,324,0,324,0,324,0,33,4,0,180000,2,1.03,0,0,216,,,CERTIFIED,41,250.5,54,,,WL1_ORIGINAL,false,OFF,216,GLOBAL,12400,
cfi-rigid-t2,graphs/cfi-rigid-t2/cfi-rigid-t2-0216-02-1,216,1752,WL_DIST,1,42,54,54,4,4.00,0,864,432,12576,2112,8,6,7,250.5,324,0,324,0,324,0,22,2,0,180000,2,1.00,0,0,216,,,CERTIFIED,29,250.5,54,,,WL1_ORIGINAL,false,OFF,216,GLOBAL,12576,
cfi-rigid-t2,graphs/cfi-rigid-t2/cfi-rigid-t2-0216-02-2,216,1752,WL_DIST,1,42,54,54,4,4.00,1,864,432,12576,1856,8,6,7,250.5,324,0,324,0,324,0,20,2,0,180000,2,1.00,0,0,216,,,CERTIFIED,28,250.5,54,,,WL1_ORIGINAL,false,OFF,216,GLOBAL,12576,
cfi-rigid-t2,graphs/cfi-rigid-t2/cfi-rigid-t2-0216-03-1,216,1748,WL_DIST,1,42,54,54,4,4.00,1,864,432,12592,1728,8,6,7,250.5,324,0,324,0,324,0,26,4,0,180000,2,1.04,0,0,216,,,CERTIFIED,34,250.5,54,,,WL1_ORIGINAL,false,OFF,216,GLOBAL,12592,
cfi-rigid-t2,graphs/cfi-rigid-t2/cfi-rigid-t2-0216-03-2,216,1748,WL_DIST,1,42,54,54,4,4.00,0,864,432,12592,1728,8,6,7,250.6,324,0,324,0,324,0,27,3,0,180000,2,1.00,0,0,216,,,CERTIFIED,34,250.6,54,,,WL1_ORIGINAL,false,OFF,216,GLOBAL,12592,
cfi-rigid-t2,graphs/cfi-rigid-t2/cfi-rigid-t2-0216-04-1,216,1764,WL_DIST,1,42,54,54,4,4.00,1,864,432,12720,2080,8,6,8,250.6,324,0,324,0,324,0,27,3,0,180000,2,1.02,0,0,216,,,CERTIFIED,36,250.6,54,,,WL1_ORIGINAL,false,OFF,216,GLOBAL,12720,
cfi-rigid-t2,graphs/cfi-rigid-t2/cfi-rigid-t2-0216-04-2,216,1764,WL_DIST,1,42,54,54,4,4.00,0,864,432,12720,2112,8,6,13,256.6,324,0,324,0,324,0,25,3,0,180000,2,1.00,0,0,216,,,CERTIFIED,38,272.6,54,,,WL1_ORIGINAL,false,OFF,216,GLOBAL,12720,
cfi-rigid-t2,graphs/cfi-rigid-t2/cfi-rigid-t2-0240-01-1,240,1956,WL_DIST,1,42,60,60,4,4.00,0,960,480,14064,2112,8,6,9,285.6,360,0,360,0,360,0,26,4,0,180000,2,1.02,0,0,240,,,CERTIFIED,35,285.7,60,,,WL1_ORIGINAL,false,OFF,240,GLOBAL,14064,
cfi-rigid-t2,graphs/cfi-rigid-t2/cfi-rigid-t2-0240-01-2,240,1956,WL_DIST,1,42,60,60,4,4.00,1,960,480,14064,2112,8,6,8,285.7,360,0,360,0,360,0,24,2,0,180000,2,1.02,0,0,240,,,CERTIFIED,33,285.7,60,,,WL1_ORIGINAL,false,OFF,240,GLOBAL,14064,
cfi-rigid-t2,graphs/cfi-rigid-t2/cfi-rigid-t2-0240-02-1,240,1944,WL_DIST,1,42,60,60,4,4.00,0,960,480,14016,1728,8,6,8,285.7,360,0,360,0,360,0,39,6,0,180000,2,1.04,0,0,240,,,CERTIFIED,47,285.8,60,,,WL1_ORIGINAL,false,OFF,240,GLOBAL,14016,
cfi-rigid-t2,graphs/cfi-rigid-t2/cfi-rigid-t2-0240-02-2,240,1944,WL_DIST,1,42,60,60,4,4.00,0,960,480,14016,1216,8,6,8,285.8,360,0,360,0,360,0,42,11,0,180000,2,1.03,0,0,240,,,CERTIFIED,50,286.1,60,,,WL1_ORIGINAL,false,OFF,240,GLOBAL,14016,
cfi-rigid-t2,graphs/cfi-rigid-t2/cfi-rigid-t2-0240-03-1,240,1916,WL_DIST,1,42,60,60,4,4.00,0,960,480,13648,1856,8,6,8,286.1,360,0,360,0,360,0,27,4,0,180000,2,1.04,0,0,240,,,CERTIFIED,35,286.1,60,,,WL1_ORIGINAL,false,OFF,240,GLOBAL,13648,
cfi-rigid-t2,graphs/cfi-rigid-t2/cfi-rigid-t2-0240-03-2,240,1916,WL_DIST,1,42,60,60,4,4.00,1,960,480,13648,1600,8,6,8,286.1,360,0,360,0,360,0,32,3,0,180000,2,1.04,0,0,240,,,CERTIFIED,41,286.1,60,,,WL1_ORIGINAL,false,OFF,240,GLOBAL,13648,
cfi-rigid-t2,graphs/cfi-rigid-t2/cfi-rigid-t2-0240-04-1,240,1916,WL_DIST,1,42,60,60,4,4.00,0,960,480,13552,1600,8,6,12,286.1,360,0,360,0,360,0,29,4,0,180000,2,1.02,0,0,240,,,CERTIFIED,41,286.1,60,,,WL1_ORIGINAL,false,OFF,240,GLOBAL,13552,
cfi-rigid-t2,graphs/cfi-rigid-t2/cfi-rigid-t2-0240-04-2,240,1916,WL_DIST,1,42,60,60,4,4.00,1,960,480,13552,1728,8,6,8,286.1,360,0,360,0,360,0,35,6,0,180000,2,1.02,0,0,240,,,CERTIFIED,44,286.1,60,,,WL1_ORIGINAL,false,OFF,240,GLOBAL,13552,
cfi-rigid-t2,graphs/cfi-rigid-t2/cfi-rigid-t2-0264-01-1,264,2152,WL_DIST,1,42,66,66,4,4.00,1,1056,528,15584,1824,8,6,9,286.1,396,0,396,0,396,0,42,8,0,180000,2,1.07,0,0,264,,,CERTIFIED,52,286.5,66,,,WL1_ORIGINAL,false,OFF,264,GLOBAL,15584,
cfi-rigid-t2,graphs/cfi-rigid-t2/cfi-rigid-t2-0264-01-2,264,2152,WL_DIST,1,42,66,66,4,4.00,1,1056,528,15584,1472,8,6,9,286.5,396,0,396,0,396,0,51,10,0,180000,2,1.04,0,0,264,,,CERTIFIED,61,286.6,66,,,WL1_ORIGINAL,false,OFF,264,GLOBAL,15584,
cfi-rigid-t2,graphs/cfi-rigid-t2/cfi-rigid-t2-0264-02-1,264,2132,WL_DIST,1,42,66,66,4,4.00,0,1056,528,15088,1952,8,6,9,286.6,396,0,396,0,396,0,28,4,0,180000,2,1.02,0,0,264,,,CERTIFIED,37,286.6,66,,,WL1_ORIGINAL,false,OFF,264,GLOBAL,15088,
cfi-rigid-t2,graphs/cfi-rigid-t2/cfi-rigid-t2-0264-02-2,264,2132,WL_DIST,1,42,66,66,4,4.00,0,1056,528,15088,2112,8,6,9,286.6,396,0,396,0,396,0,28,3,0,180000,2,1.02,0,0,264,,,CERTIFIED,37,286.6,66,,,WL1_ORIGINAL,false,OFF,264,GLOBAL,15088,
cfi-rigid-t2,graphs/cfi-rigid-t2/cfi-rigid-t2-0264-03-1,264,2148,WL_DIST,1,42,66,66,4,4.00,0,1056,528,15408,1984,8,6,9,286.6,396,0,396,0,396,0,34,4,0,180000,2,1.00,0,0,264,,,CERTIFIED,43,286.6,66,,,WL1_ORIGINAL,false,OFF,264,GLOBAL,15408,
cfi-rigid-t2,graphs/cfi-rigid-t2/cfi-rigid-t2-0264-03-2,264,2148,WL_DIST,1,42,66,66,4,4.00,0,1056,528,15408,1600,8,6,9,286.6,396,0,396,0,396,0,36,5,0,180000,2,1.05,0,0,264,,,CERTIFIED,45,286.6,66,,,WL1_ORIGINAL,false,OFF,264,GLOBAL,15408,
cfi-rigid-t2,graphs/cfi-rigid-t2/cfi-rigid-t2-0264-04-1,264,2140,WL_DIST,1,42,66,66,4,4.00,1,1056,528,15248,2112,8,6,9,286.6,396,0,396,0,396,0,33,3,0,180000,2,1.02,0,0,264,,,CERTIFIED,43,286.6,66,,,WL1_ORIGINAL,false,OFF,264,GLOBAL,15248,
cfi-rigid-t2,graphs/cfi-rigid-t2/cfi-rigid-t2-0264-04-2,264,2140,WL_DIST,1,42,66,66,4,4.00,1,1056,528,15248,1696,8,6,9,286.7,396,0,396,0,396,0,36,3,0,180000,2,1.03,0,0,264,,,CERTIFIED,46,286.7,66,,,WL1_ORIGINAL,false,OFF,264,GLOBAL,15248,
cfi-rigid-t2,graphs/cfi-rigid-t2/cfi-rigid-t2-0288-01-1,288,2332,WL_DIST,1,42,72,72,4,4.00,1,1152,576,16784,1568,8,6,10,286.7,432,0,432,0,432,0,39,6,0,180000,2,1.01,0,0,288,,,CERTIFIED,50,286.7,72,,,WL1_ORIGINAL,false,OFF,288,GLOBAL,16784,
cfi-rigid-t2,graphs/cfi-rigid-t2/cfi-rigid-t2-0288-01-2,288,2332,WL_DIST,1,42,72,72,4,4.00,1,1152,576,16784,1568,8,6,10,286.8,432,0,432,0,432,0,43,10,0,180000,2,1.03,0,0,288,,,CERTIFIED,54,287.0,72,,,WL1_ORIGINAL,false,OFF,288,GLOBAL,16784,
cfi-rigid-t2,graphs/cfi-rigid-t2/cfi-rigid-t2-0288-02-1,288,2324,WL_DIST,1,42,72,72,4,4.00,0,1152,576,16624,2112,8,6,13,287.0,432,0,432,0,432,0,41,6,0,180000,2,1.01,0,0,288,,,CERTIFIED,54,287.0,72,,,WL1_ORIGINAL,false,OFF,288,GLOBAL,16624,
cfi-rigid-t2,graphs/cfi-rigid-t2/cfi-rigid-t2-0288-02-2,288,2324,WL_DIST,1,42,72,72,4,4.00,1,1152,576,16624,2240,8,6,10,287.0,432,0,432,0,432,0,48,7,0,180000,2,1.01,0,0,288,,,CERTIFIED,59,287.1,72,,,WL1_ORIGINAL,false,OFF,288,GLOBAL,16624,
cfi-rigid-t2,graphs/cfi-rigid-t2/cfi-rigid-t2-0288-03-1,288,2320,WL_DIST,1,42,72,72,4,4.00,1,1152,576,16544,1728,8,6,10,287.2,432,0,432,0,432,0,60,15,0,180000,2,1.01,0,0,288,,,CERTIFIED,71,287.7,72,,,WL1_ORIGINAL,false,OFF,288,GLOBAL,16544,
cfi-rigid-t2,graphs/cfi-rigid-t2/cfi-rigid-t2-0288-03-2,288,2320,WL_DIST,1,42,72,72,4,4.00,1,1152,576,16544,1696,8,6,10,287.7,432,0,432,0,432,0,47,10,0,180000,2,1.01,0,0,288,,,CERTIFIED,58,287.7,72,,,WL1_ORIGINAL,false,OFF,288,GLOBAL,16544,
cfi-rigid-t2,graphs/cfi-rigid-t2/cfi-rigid-t2-0288-04-1,288,2336,WL_DIST,1,42,72,72,4,4.00,1,1152,576,16768,1856,8,6,10,287.7,432,0,432,0,432,0,49,9,0,180000,2,1.03,0,0,288,,,CERTIFIED,60,287.7,72,,,WL1_ORIGINAL,false,OFF,288,GLOBAL,16768,
cfi-rigid-t2,graphs/cfi-rigid-t2/cfi-rigid-t2-0288-04-2,288,2336,WL_DIST,1,42,72,72,4,4.00,0,1152,576,16768,1728,8,6,10,287.7,432,0,432,0,432,0,46,10,0,180000,2,1.01,0,0,288,,,CERTIFIED,56,287.7,72,,,WL1_ORIGINAL,false,OFF,288,GLOBAL,16768,
cfi-rigid-t2,graphs/cfi-rigid-t2/cfi-rigid-t2-0312-01-1,312,2532,WL_DIST,1,42,78,78,4,4.00,1,1248,624,18288,1312,8,6,11,287.9,468,0,468,0,468,0,60,11,0,180000,2,1.02,0,0,312,,,CERTIFIED,72,288.1,78,,,WL1_ORIGINAL,false,OFF,312,GLOBAL,18288,
cfi-rigid-t2,graphs/cfi-rigid-t2/cfi-rigid-t2-0312-01-2,312,2532,WL_DIST,1,42,78,78,4,4.00,0,1248,624,18288,1472,8,6,11,288.4,468,0,468,0,468,0,75,21,0,180000,2,1.11,0,0,312,,,CERTIFIED,86,288.4,78,,,WL1_ORIGINAL,false,OFF,312,GLOBAL,18288,
cfi-rigid-t2,graphs/cfi-rigid-t2/cfi-rigid-t2-0312-02-1,312,2544,WL_DIST,1,42,78,78,4,4.00,1,1248,624,18432,2112,8,6,14,288.4,468,0,468,0,468,0,53,8,0,180000,2,1.01,0,0,312,,,CERTIFIED,68,288.4,78,,,WL1_ORIGINAL,false,OFF,312,GLOBAL,18432,
cfi-rigid-t2,graphs/cfi-rigid-t2/cfi-rigid-t2-0312-02-2,312,2544,WL_DIST,1,42,78,78,4,4.00,1,1248,624,18432,1856,8,6,11,288.4,468,0,468,0,468,0,66,10,0,180000,2,1.00,0,0,312,,,CERTIFIED,78,288.4,78,,,WL1_ORIGINAL,false,OFF,312,GLOBAL,18432,
cfi-rigid-t2,graphs/cfi-rigid-t2/cfi-rigid-t2-0312-03-1,312,2528,WL_DIST,1,42,78,78,4,4.00,1,1248,624,18208,2112,8,6,10,288.5,468,0,468,0,468,0,52,7,0,180000,2,1.01,0,0,312,,,CERTIFIED,63,288.5,78,,,WL1_ORIGINAL,false,OFF,312,GLOBAL,18208,
cfi-rigid-t2,graphs/cfi-rigid-t2/cfi-rigid-t2-0312-03-2,312,2528,WL_DIST,1,42,78,78,4,4.00,1,1248,624,18208,1856,8,6,10,288.6,468,0,468,0,468,0,48,9,0,180000,2,1.01,0,0,312,,,CERTIFIED,59,288.6,78,,,WL1_ORIGINAL,false,OFF,312,GLOBAL,18208,
cfi-rigid-t2,graphs/cfi-rigid-t2/cfi-rigid-t2-0312-04-1,312,2544,WL_DIST,1,42,78,78,4,4.00,0,1248,624,18432,1984,8,6,11,288.6,468,0,468,0,468,0,67,25,0,180000,2,1.09,0,0,312,,,CERTIFIED,78,289.1,78,,,WL1_ORIGINAL,false,OFF,312,GLOBAL,18432,
cfi-rigid-t2,graphs/cfi-rigid-t2/cfi-rigid-t2-0312-04-2,312,2544,WL_DIST,1,42,78,78,4,4.00,0,1248,624,18432,2368,8,6,11,289.1,468,0,468,0,468,0,51,8,0,180000,2,1.02,0,0,312,,,CERTIFIED,62,289.1,78,,,WL1_ORIGINAL,false,OFF,312,GLOBAL,18432,
cfi-rigid-t2,graphs/cfi-rigid-t2/cfi-rigid-t2-0336-01-1,336,2728,WL_DIST,1,42,84,84,4,4.00,0,1344,672,19616,2112,8,6,12,289.2,504,0,504,0,504,0,62,13,0,180000,2,1.02,0,0,336,,,CERTIFIED,74,289.2,84,,,WL1_ORIGINAL,false,OFF,336,GLOBAL,19616,
cfi-rigid-t2,graphs/cfi-rigid-t2/cfi-rigid-t2-0336-01-2,336,2728,WL_DIST,1,42,84,84,4,4.00,1,1344,672,19616,1344,8,6,14,289.2,504,0,504,0,504,0,87,22,0,180000,2,1.02,0,0,336,,,CERTIFIED,102,289.4,84,,,WL1_ORIGINAL,false,OFF,336,GLOBAL,19616,
cfi-rigid-t2,graphs/cfi-rigid-t2/cfi-rigid-t2-0336-02-1,336,2724,WL_DIST,1,42,84,84,4,4.00,1,1344,672,19536,1856,8,6,11,289.5,504,0,504,0,504,0,79,21,0,180000,2,1.04,0,0,336,,,CERTIFIED,91,289.5,84,,,WL1_ORIGINAL,false,OFF,336,GLOBAL,19536,
cfi-rigid-t2,graphs/cfi-rigid-t2/cfi-rigid-t2-0336-02-2,336,2724,WL_DIST,1,42,84,84,4,4.00,1,1344,672,19536,2112,8,6,12,289.5,504,0,504,0,504,0,67,14,0,180000,2,1.05,0,0,336,,,CERTIFIED,80,289.5,84,,,WL1_ORIGINAL,false,OFF,336,GLOBAL,19536,
cfi-rigid-t2,graphs/cfi-rigid-t2/cfi-rigid-t2-0336-03-1,336,2716,WL_DIST,1,42,84,84,4,4.00,1,1344,672,19472,2368,8,6,12,289.5,504,0,504,0,504,0,83,21,0,180000,2,1.01,0,0,336,,,CERTIFIED,96,289.5,84,,,WL1_ORIGINAL,false,OFF,336,GLOBAL,19472,
cfi-rigid-t2,graphs/cfi-rigid-t2/cfi-rigid-t2-0336-03-2,336,2716,WL_DIST,1,42,84,84,4,4.00,1,1344,672,19472,2240,8,6,11,289.5,504,0,504,0,504,0,92,18,0,180000,2,1.01,0,0,336,,,CERTIFIED,104,290.4,84,,,WL1_ORIGINAL,false,OFF,336,GLOBAL,19472,
cfi-rigid-t2,graphs/cfi-rigid-t2/cfi-rigid-t2-0336-04-1,336,2736,WL_DIST,1,42,84,84,4,4.00,1,1344,672,19776,2240,8,6,12,290.4,504,0,504,0,504,0,60,17,0,180000,2,1.08,0,0,336,,,CERTIFIED,73,291.7,84,,,WL1_ORIGINAL,false,OFF,336,GLOBAL,19776,
cfi-rigid-t2,graphs/cfi-rigid-t2/cfi-rigid-t2-0336-04-2,336,2736,WL_DIST,1,42,84,84,4,4.00,1,1344,672,19776,1728,8,6,12,291.7,504,0,504,0,504,0,88,18,0,180000,2,1.00,0,0,336,,,CERTIFIED,101,292.5,84,,,WL1_ORIGINAL,false,OFF,336,GLOBAL,19776,
cfi-rigid-t2,graphs/cfi-rigid-t2/cfi-rigid-t2-0360-01-1,360,2948,WL_DIST,1,42,90,90,4,4.00,0,1440,720,21232,1600,8,6,13,292.5,540,0,540,0,540,0,154,54,0,180000,2,1.01,0,0,360,,,CERTIFIED,167,293.7,90,,,WL1_ORIGINAL,false,OFF,360,GLOBAL,21232,
cfi-rigid-t2,graphs/cfi-rigid-t2/cfi-rigid-t2-0360-01-2,360,2948,WL_DIST,1,42,90,90,4,4.00,1,1440,720,21232,1600,8,6,13,293.7,540,0,540,0,540,0,119,33,0,180000,2,1.01,0,0,360,,,CERTIFIED,133,293.8,90,,,WL1_ORIGINAL,false,OFF,360,GLOBAL,21232,
cfi-rigid-t2,graphs/cfi-rigid-t2/cfi-rigid-t2-0360-02-1,360,2916,WL_DIST,1,42,90,90,4,4.00,1,1440,720,21072,1728,8,6,13,293.8,540,0,540,0,540,0,82,13,0,180000,2,1.01,0,0,360,,,CERTIFIED,96,293.8,90,,,WL1_ORIGINAL,false,OFF,360,GLOBAL,21072,
cfi-rigid-t2,graphs/cfi-rigid-t2/cfi-rigid-t2-0360-02-2,360,2916,WL_DIST,1,42,90,90,4,4.00,1,1440,720,21072,1728,8,6,12,293.8,540,0,540,0,540,0,96,23,0,180000,2,1.02,0,0,360,,,CERTIFIED,109,293.8,90,,,WL1_ORIGINAL,false,OFF,360,GLOBAL,21072,
cfi-rigid-t2,graphs/cfi-rigid-t2/cfi-rigid-t2-0360-03-1,360,2908,WL_DIST,1,42,90,90,4,4.00,0,1440,720,20816,1568,8,6,13,293.8,540,0,540,0,540,0,89,21,0,180000,2,1.02,0,0,360,,,CERTIFIED,102,293.8,90,,,WL1_ORIGINAL,false,OFF,360,GLOBAL,20816,
cfi-rigid-t2,graphs/cfi-rigid-t2/cfi-rigid-t2-0360-03-2,360,2908,WL_DIST,1,42,90,90,4,4.00,1,1440,720,20816,2112,8,6,13,293.8,540,0,540,0,540,0,91,24,0,180000,2,1.07,0,0,360,,,CERTIFIED,105,293.8,90,,,WL1_ORIGINAL,false,OFF,360,GLOBAL,20816,
cfi-rigid-t2,graphs/cfi-rigid-t2/cfi-rigid-t2-0360-04-1,360,2920,WL_DIST,1,42,90,90,4,4.00,1,1440,720,20960,1600,8,6,12,293.8,540,0,540,0,540,0,82,24,0,180000,2,1.03,0,0,360,,,CERTIFIED,95,293.8,90,,,WL1_ORIGINAL,false,OFF,360,GLOBAL,20960,
cfi-rigid-t2,graphs/cfi-rigid-t2/cfi-rigid-t2-0360-04-2,360,2920,WL_DIST,1,42,90,90,4,4.00,1,1440,720,20960,1984,8,6,12,293.8,540,0,540,0,540,0,92,23,0,180000,2,1.09,0,0,360,,,CERTIFIED,105,293.8,90,,,WL1_ORIGINAL,false,OFF,360,GLOBAL,20960,
cfi-rigid-t2,graphs/cfi-rigid-t2/cfi-rigid-t2-0384-01-1,384,3104,WL_DIST,1,42,96,96,4,4.00,0,1536,768,22432,1728,8,6,14,293.8,576,0,576,0,576,0,112,32,0,180000,2,1.06,0,0,384,,,CERTIFIED,126,293.8,96,,,WL1_ORIGINAL,false,OFF,384,GLOBAL,22432,
cfi-rigid-t2,graphs/cfi-rigid-t2/cfi-rigid-t2-0384-01-2,384,3104,WL_DIST,1,42,96,96,4,4.00,1,1536,768,22432,2112,8,6,14,293.8,576,0,576,0,576,0,113,28,0,180000,2,1.00,0,0,384,,,CERTIFIED,128,293.8,96,,,WL1_ORIGINAL,false,OFF,384,GLOBAL,22432,
cfi-rigid-t2,graphs/cfi-rigid-t2/cfi-rigid-t2-0384-02-1,384,3124,WL_DIST,1,42,96,96,4,4.00,1,1536,768,22448,1856,8,6,13,293.8,576,0,576,0,576,0,116,27,0,180000,2,1.04,0,0,384,,,CERTIFIED,130,294.2,96,,,WL1_ORIGINAL,false,OFF,384,GLOBAL,22448,
cfi-rigid-t2,graphs/cfi-rigid-t2/cfi-rigid-t2-0384-02-2,384,3124,WL_DIST,1,42,96,96,4,4.00,1,1536,768,22448,1600,8,6,13,294.2,576,0,576,0,576,0,172,62,0,180000,2,1.17,0,0,384,,,CERTIFIED,186,294.5,96,,,WL1_ORIGINAL,false,OFF,384,GLOBAL,22448,
cfi-rigid-t2,graphs/cfi-rigid-t2/cfi-rigid-t2-0384-03-1,384,3140,WL_DIST,1,42,96,96,4,4.00,1,1536,768,22672,2080,8,6,14,294.6,576,0,576,0,576,0,74,14,0,180000,2,1.02,0,0,384,,,CERTIFIED,89,294.6,96,,,WL1_ORIGINAL,false,OFF,384,GLOBAL,22672,
cfi-rigid-t2,graphs/cfi-rigid-t2/cfi-rigid-t2-0384-03-2,384,3140,WL_DIST,1,42,96,96,4,4.00,1,1536,768,22672,2240,8,6,16,294.6,576,0,576,0,576,0,73,17,0,180000,2,1.07,0,0,384,,,CERTIFIED,90,294.6,96,,,WL1_ORIGINAL,false,OFF,384,GLOBAL,22672,
cfi-rigid-t2,graphs/cfi-rigid-t2/cfi-rigid-t2-0384-04-1,384,3104,WL_DIST,1,42,96,96,4,4.00,1,1536,768,22240,1984,8,6,13,294.6,576,0,576,0,576,0,92,22,0,180000,2,1.07,0,0,384,,,CERTIFIED,106,294.6,96,,,WL1_ORIGINAL,false,OFF,384,GLOBAL,22240,
cfi-rigid-t2,graphs/cfi-rigid-t2/cfi-rigid-t2-0384-04-2,384,3104,WL_DIST,1,42,96,96,4,4.00,0,1536,768,22240,1856,8,6,17,294.6,576,0,576,0,576,0,86,35,0,180000,2,1.03,0,0,384,,,CERTIFIED,103,294.6,96,,,WL1_ORIGINAL,false,OFF,384,GLOBAL,22240,
cfi-rigid-t2,graphs/cfi-rigid-t2/cfi-rigid-t2-0408-01-1,408,3296,WL_DIST,1,42,102,102,4,4.00,1,1632,816,23680,1856,8,6,14,294.6,612,0,612,0,612,0,175,40,0,180000,2,1.09,0,0,408,,,CERTIFIED,190,294.6,102,,,WL1_ORIGINAL,false,OFF,408,GLOBAL,23680,
cfi-rigid-t2,graphs/cfi-rigid-t2/cfi-rigid-t2-0408-01-2,408,3296,WL_DIST,1,42,102,102,4,4.00,0,1632,816,23680,1856,8,6,14,294.6,612,0,612,0,612,0,193,47,0,180000,2,1.14,0,0,408,,,CERTIFIED,207,298.3,102,,,WL1_ORIGINAL,false,OFF,408,GLOBAL,23680,
cfi-rigid-t2,graphs/cfi-rigid-t2/cfi-rigid-t2-0408-02-1,408,3340,WL_DIST,1,42,102,102,4,4.00,1,1632,816,24176,1216,8,6,15,298.3,612,0,612,0,612,0,163,41,0,180000,2,1.00,0,0,408,,,CERTIFIED,179,298.5,102,,,WL1_ORIGINAL,false,OFF,408,GLOBAL,24176,
cfi-rigid-t2,graphs/cfi-rigid-t2/cfi-rigid-t2-0408-02-2,408,3340,WL_DIST,1,42,102,102,4,4.00,1,1632,816,24176,2240,8,6,15,298.5,612,0,612,0,612,0,210,47,0,180000,2,1.02,0,0,408,,,CERTIFIED,226,299.1,102,,,WL1_ORIGINAL,false,OFF,408,GLOBAL,24176,
cfi-rigid-t2,graphs/cfi-rigid-t2/cfi-rigid-t2-0408-03-1,408,3324,WL_DIST,1,42,102,102,4,4.00,1,1632,816,23856,2208,8,6,19,299.1,612,0,612,0,612,0,103,22,0,180000,2,1.00,0,0,408,,,CERTIFIED,123,299.1,102,,,WL1_ORIGINAL,false,OFF,408,GLOBAL,23856,
cfi-rigid-t2,graphs/cfi-rigid-t2/cfi-rigid-t2-0408-03-2,408,3324,WL_DIST,1,42,102,102,4,4.00,1,1632,816,23856,2080,8,6,14,299.1,612,0,612,0,612,0,104,29,0,180000,2,1.00,0,0,408,,,CERTIFIED,119,299.1,102,,,WL1_ORIGINAL,false,OFF,408,GLOBAL,23856,
cfi-rigid-t2,graphs/cfi-rigid-t2/cfi-rigid-t2-0408-04-1,408,3312,WL_DIST,1,42,102,102,4,4.00,1,1632,816,23904,1856,8,6,14,299.1,612,0,612,0,612,0,85,14,0,180000,2,1.02,0,0,408,,,CERTIFIED,100,299.1,102,,,WL1_ORIGINAL,false,OFF,408,GLOBAL,23904,
cfi-rigid-t2,graphs/cfi-rigid-t2/cfi-rigid-t2-0408-04-2,408,3312,WL_DIST,1,42,102,102,4,4.00,0,1632,816,23904,1856,8,6,15,299.1,612,0,612,0,612,0,94,21,0,180000,2,1.01,0,0,408,,,CERTIFIED,109,299.2,102,,,WL1_ORIGINAL,false,OFF,408,GLOBAL,23904,
cfi-rigid-t2,graphs/cfi-rigid-t2/cfi-rigid-t2-0432-01-1,432,3524,WL_DIST,1,42,108,108,4,4.00,1,1728,864,25456,1984,8,6,15,299.2,648,0,648,0,648,0,320,107,0,180000,2,1.01,0,0,432,,,CERTIFIED,336,300.3,108,,,WL1_ORIGINAL,false,OFF,432,GLOBAL,25456,
cfi-rigid-t2,graphs/cfi-rigid-t2/cfi-rigid-t2-0432-01-2,432,3524,WL_DIST,1,42,108,108,4,4.00,1,1728,864,25456,1472,8,6,19,300.3,648,0,648,0,648,0,387,133,0,180000,2,1.00,0,0,432,,,CERTIFIED,407,300.3,108,,,WL1_ORIGINAL,false,OFF,432,GLOBAL,25456,
cfi-rigid-t2,graphs/cfi-rigid-t2/cfi-rigid-t2-0432-02-1,432,3528,WL_DIST,1,42,108,108,4,4.00,0,1728,864,25440,1344,8,6,15,300.3,648,0,648,0,648,0,243,78,0,180000,2,1.03,0,0,432,,,CERTIFIED,258,300.3,108,,,WL1_ORIGINAL,false,OFF,432,GLOBAL,25440,
cfi-rigid-t2,graphs/cfi-rigid-t2/cfi-rigid-t2-0432-02-2,432,3528,WL_DIST,1,42,108,108,4,4.00,1,1728,864,25440,1984,8,6,16,300.3,648,0,648,0,648,0,200,88,0,180000,2,1.15,0,0,432,,,CERTIFIED,217,300.3,108,,,WL1_ORIGINAL,false,OFF,432,GLOBAL,25440,
cfi-rigid-t2,graphs/cfi-rigid-t2/cfi-rigid-t2-0432-03-1,432,3508,WL_DIST,1,42,108,108,4,4.00,1,1728,864,25040,1600,8,6,15,300.3,648,0,648,0,648,0,201,44,0,180000,2,1.00,0,0,432,,,CERTIFIED,217,300.3,108,,,WL1_ORIGINAL,false,OFF,432,GLOBAL,25040,
cfi-rigid-t2,graphs/cfi-rigid-t2/cfi-rigid-t2-0432-03-2,432,3508,WL_DIST,1,42,108,108,4,4.00,0,1728,864,25040,1824,8,6,16,300.3,648,0,648,0,648,0,144,37,0,180000,2,1.04,0,0,432,,,CERTIFIED,160,300.3,108,,,WL1_ORIGINAL,false,OFF,432,GLOBAL,25040,
cfi-rigid-t2,graphs/cfi-rigid-t2/cfi-rigid-t2-0432-04-1,432,3528,WL_DIST,1,42,108,108,4,4.00,1,1728,864,25632,1728,8,6,15,300.4,648,0,648,0,648,0,265,130,0,180000,2,1.11,0,0,432,,,CERTIFIED,281,300.4,108,,,WL1_ORIGINAL,false,OFF,432,GLOBAL,25632,
cfi-rigid-t2,graphs/cfi-rigid-t2/cfi-rigid-t2-0432-04-2,432,3528,WL_DIST,1,42,108,108,4,4.00,0,1728,864,25632,1856,8,6,16,300.4,648,0,648,0,648,0,222,67,0,180000,2,1.03,0,0,432,,,CERTIFIED,238,300.4,108,,,WL1_ORIGINAL,false,OFF,432,GLOBAL,25632,
cfi-rigid-t2,graphs/cfi-rigid-t2/cfi-rigid-t2-0456-01-1,456,3728,WL_DIST,1,42,114,114,4,4.00,1,1824,912,26944,1856,8,6,17,300.4,684,0,684,0,684,0,319,115,0,180000,2,1.01,0,0,456,,,CERTIFIED,337,300.7,114,,,WL1_ORIGINAL,false,OFF,456,GLOBAL,26944,
cfi-rigid-t2,graphs/cfi-rigid-t2/cfi-rigid-t2-0456-01-2,456,3728,WL_DIST,1,42,114,114,4,4.00,1,1824,912,26944,1856,8,6,16,300.7,684,0,684,0,684,0,234,79,0,180000,2,1.05,0,0,456,,,CERTIFIED,251,312.7,114,,,WL1_ORIGINAL,false,OFF,456,GLOBAL,26944,
cfi-rigid-t2,graphs/cfi-rigid-t2/cfi-rigid-t2-0456-02-1,456,3692,WL_DIST,1,42,114,114,4,4.00,1,1824,912,26512,1984,8,6,16,312.7,684,0,684,0,684,0,407,147,0,180000,2,1.39,0,0,456,,,CERTIFIED,424,312.7,114,,,WL1_ORIGINAL,false,OFF,456,GLOBAL,26512,
cfi-rigid-t2,graphs/cfi-rigid-t2/cfi-rigid-t2-0456-02-2,456,3692,WL_DIST,1,42,114,114,4,4.00,1,1824,912,26512,1600,8,6,16,312.7,684,0,684,0,684,0,336,99,0,180000,2,1.00,0,0,456,,,CERTIFIED,353,312.7,114,,,WL1_ORIGINAL,false,OFF,456,GLOBAL,26512,
cfi-rigid-t2,graphs/cfi-rigid-t2/cfi-rigid-t2-0456-03-1,456,3700,WL_DIST,1,42,114,114,4,4.00,0,1824,912,26768,2240,8,6,17,312.7,684,0,684,0,684,0,288,92,0,180000,2,1.00,0,0,456,,,CERTIFIED,305,312.7,114,,,WL1_ORIGINAL,false,OFF,456,GLOBAL,26768,
cfi-rigid-t2,graphs/cfi-rigid-t2/cfi-rigid-t2-0456-03-2,456,3700,WL_DIST,1,42,114,114,4,4.00,1,1824,912,26768,1472,8,6,16,312.7,684,0,684,0,684,0,349,128,0,180000,2,1.03,0,0,456,,,CERTIFIED,366,312.7,114,,,WL1_ORIGINAL,false,OFF,456,GLOBAL,26768,
cfi-rigid-t2,graphs/cfi-rigid-t2/cfi-rigid-t2-0456-04-1,456,3688,WL_DIST,1,42,114,114,4,4.00,1,1824,912,26528,1600,8,6,16,312.7,684,0,684,0,684,0,292,82,0,180000,2,1.00,0,0,456,,,CERTIFIED,309,312.7,114,,,WL1_ORIGINAL,false,OFF,456,GLOBAL,26528,
cfi-rigid-t2,graphs/cfi-rigid-t2/cfi-rigid-t2-0456-04-2,456,3688,WL_DIST,1,42,114,114,4,4.00,1,1824,912,26528,2240,8,6,16,312.7,684,0,684,0,684,0,290,100,0,180000,2,1.04,0,0,456,,,CERTIFIED,307,313.5,114,,,WL1_ORIGINAL,false,OFF,456,GLOBAL,26528,
cfi-rigid-t2,graphs/cfi-rigid-t2/cfi-rigid-t2-0480-01-1,480,3896,WL_DIST,1,42,120,120,4,4.00,2,1920,960,28000,1600,8,6,34,313.5,720,0,720,0,720,0,407,135,0,180000,2,1.11,0,0,480,,,CERTIFIED,443,315.8,120,,,WL1_ORIGINAL,false,OFF,480,GLOBAL,28000,
cfi-rigid-t2,graphs/cfi-rigid-t2/cfi-rigid-t2-0480-01-2,480,3896,WL_DIST,1,42,120,120,4,4.00,1,1920,960,28000,1600,8,6,18,315.8,720,0,720,0,720,0,328,108,0,180000,2,1.02,0,0,480,,,CERTIFIED,347,315.8,120,,,WL1_ORIGINAL,false,OFF,480,GLOBAL,28000,
cfi-rigid-t2,graphs/cfi-rigid-t2/cfi-rigid-t2-0480-02-1,480,3916,WL_DIST,1,42,120,120,4,4.00,1,1920,960,28208,1472,8,6,18,315.8,720,0,720,0,720,0,532,261,0,180000,2,1.18,0,0,480,,,CERTIFIED,551,315.8,120,,,WL1_ORIGINAL,false,OFF,480,GLOBAL,28208,
cfi-rigid-t2,graphs/cfi-rigid-t2/cfi-rigid-t2-0480-02-2,480,3916,WL_DIST,1,42,120,120,4,4.00,1,1920,960,28208,1728,8,6,17,315.8,720,0,720,0,720,0,408,113,0,180000,2,1.02,0,0,480,,,CERTIFIED,426,315.9,120,,,WL1_ORIGINAL,false,OFF,480,GLOBAL,28208,
cfi-rigid-t2,graphs/cfi-rigid-t2/cfi-rigid-t2-0480-03-1,480,3904,WL_DIST,1,42,120,120,4,4.00,1,1920,960,28256,1856,8,6,21,315.9,720,0,720,0,720,0,399,144,0,180000,2,1.03,0,0,480,,,CERTIFIED,421,315.9,120,,,WL1_ORIGINAL,false,OFF,480,GLOBAL,28256,
cfi-rigid-t2,graphs/cfi-rigid-t2/cfi-rigid-t2-0480-03-2,480,3904,WL_DIST,1,42,120,120,4,4.00,1,1920,960,28256,2112,8,6,18,315.9,720,0,720,0,720,0,399,124,0,180000,2,1.00,0,0,480,,,CERTIFIED,418,316.1,120,,,WL1_ORIGINAL,false,OFF,480,GLOBAL,28256,
cfi-rigid-t2,graphs/cfi-rigid-t2/cfi-rigid-t2-0480-04-1,480,3896,WL_DIST,1,42,120,120,4,4.00,1,1920,960,28096,2240,8,6,18,316.1,720,0,720,0,720,0,558,287,0,180000,2,1.01,0,0,480,,,CERTIFIED,577,316.3,120,,,WL1_ORIGINAL,false,OFF,480,GLOBAL,28096,
cfi-rigid-t2,graphs/cfi-rigid-t2/cfi-rigid-t2-0480-04-2,480,3896,WL_DIST,1,42,120,120,4,4.00,1,1920,960,28096,1344,8,6,17,316.3,720,0,720,0,720,0,530,250,0,180000,2,1.00,0,0,480,,,CERTIFIED,548,316.3,120,,,WL1_ORIGINAL,false,OFF,480,GLOBAL,28096,
cfi-rigid-t2,graphs/cfi-rigid-t2/cfi-rigid-t2-0504-01-1,504,4088,WL_DIST,1,42,126,126,4,4.00,1,2016,1008,29536,1984,8,6,36,316.3,756,0,756,0,756,0,336,109,0,180000,2,1.02,0,0,504,,,CERTIFIED,373,329.4,126,,,WL1_ORIGINAL,false,OFF,504,GLOBAL,29536,
cfi-rigid-t2,graphs/cfi-rigid-t2/cfi-rigid-t2-0504-01-2,504,4088,WL_DIST,1,42,126,126,4,4.00,1,2016,1008,29536,1984,8,6,33,329.4,756,0,756,0,756,0,241,55,0,180000,2,1.01,0,0,504,,,CERTIFIED,275,329.8,126,,,WL1_ORIGINAL,false,OFF,504,GLOBAL,29536,
cfi-rigid-t2,graphs/cfi-rigid-t2/cfi-rigid-t2-0504-02-1,504,4128,WL_DIST,1,42,126,126,4,4.00,0,2016,1008,29952,1856,8,6,19,329.8,756,0,756,0,756,0,248,71,0,180000,2,1.03,0,0,504,,,CERTIFIED,267,329.8,126,,,WL1_ORIGINAL,false,OFF,504,GLOBAL,29952,
cfi-rigid-t2,graphs/cfi-rigid-t2/cfi-rigid-t2-0504-02-2,504,4128,WL_DIST,1,42,126,126,4,4.00,1,2016,1008,29952,1472,8,6,18,329.8,756,0,756,0,756,0,207,80,0,180000,2,1.05,0,0,504,,,CERTIFIED,226,329.8,126,,,WL1_ORIGINAL,false,OFF,504,GLOBAL,29952,
cfi-rigid-t2,graphs/cfi-rigid-t2/cfi-rigid-t2-0504-03-1,504,4096,WL_DIST,1,42,126,126,4,4.00,1,2016,1008,29600,2112,8,6,19,329.8,756,0,756,0,756,0,751,334,0,180000,2,1.04,0,0,504,,,CERTIFIED,771,329.9,126,,,WL1_ORIGINAL,false,OFF,504,GLOBAL,29600,
cfi-rigid-t2,graphs/cfi-rigid-t2/cfi-rigid-t2-0504-03-2,504,4096,WL_DIST,1,42,126,126,4,4.00,1,2016,1008,29600,2240,8,6,19,329.9,756,0,756,0,756,0,412,159,0,180000,2,1.02,0,0,504,,,CERTIFIED,432,329.9,126,,,WL1_ORIGINAL,false,OFF,504,GLOBAL,29600,
cfi-rigid-t2,graphs/cfi-rigid-t2/cfi-rigid-t2-0504-04-1,504,4092,WL_DIST,1,42,126,126,4,4.00,1,2016,1008,29520,1600,8,6,18,329.9,756,0,756,0,756,0,513,275,0,180000,2,1.15,0,0,504,,,CERTIFIED,532,329.9,126,,,WL1_ORIGINAL,false,OFF,504,GLOBAL,29520,
cfi-rigid-t2,graphs/cfi-rigid-t2/cfi-rigid-t2-0504-04-2,504,4092,WL_DIST,1,42,126,126,4,4.00,1,2016,1008,29520,1984,8,6,19,329.9,756,0,756,0,756,0,496,136,0,180000,2,1.01,0,0,504,,,CERTIFIED,516,329.9,126,,,WL1_ORIGINAL,false,OFF,504,GLOBAL,29520,
cfi-rigid-t2,graphs/cfi-rigid-t2/cfi-rigid-t2-0528-01-1,528,4284,WL_DIST,1,42,132,132,4,4.00,1,2112,1056,30960,2112,8,6,20,330.2,792,0,792,0,792,0,379,129,0,180000,2,1.04,0,0,528,,,CERTIFIED,400,331.1,132,,,WL1_ORIGINAL,false,OFF,528,GLOBAL,30960,
cfi-rigid-t2,graphs/cfi-rigid-t2/cfi-rigid-t2-0528-01-2,528,4284,WL_DIST,1,42,132,132,4,4.00,1,2112,1056,30960,2112,8,6,20,331.1,792,0,792,0,792,0,343,111,0,180000,2,1.00,0,0,528,,,CERTIFIED,364,331.9,132,,,WL1_ORIGINAL,false,OFF,528,GLOBAL,30960,
cfi-rigid-t2,graphs/cfi-rigid-t2/cfi-rigid-t2-0528-02-1,528,4308,WL_DIST,1,42,132,132,4,4.00,1,2112,1056,31248,1856,8,6,23,331.8,792,0,792,0,792,0,417,132,0,180000,2,1.00,0,0,528,,,CERTIFIED,441,331.8,132,,,WL1_ORIGINAL,false,OFF,528,GLOBAL,31248,
cfi-rigid-t2,graphs/cfi-rigid-t2/cfi-rigid-t2-0528-02-2,528,4308,WL_DIST,1,42,132,132,4,4.00,1,2112,1056,31248,1472,8,6,20,331.8,792,0,792,0,792,0,347,103,0,180000,2,1.05,0,0,528,,,CERTIFIED,368,331.8,132,,,WL1_ORIGINAL,false,OFF,528,GLOBAL,31248,
cfi-rigid-t2,graphs/cfi-rigid-t2/cfi-rigid-t2-0528-03-1,528,4300,WL_DIST,1,42,132,132,4,4.00,1,2112,1056,30800,1600,8,6,19,331.8,792,0,792,0,792,0,475,223,0,180000,2,1.13,0,0,528,,,CERTIFIED,495,331.9,132,,,WL1_ORIGINAL,false,OFF,528,GLOBAL,30800,
cfi-rigid-t2,graphs/cfi-rigid-t2/cfi-rigid-t2-0528-03-2,528,4300,WL_DIST,1,42,132,132,4,4.00,1,2112,1056,30800,1600,8,6,19,331.9,792,0,792,0,792,0,509,234,0,180000,2,1.00,0,0,528,,,CERTIFIED,529,331.9,132,,,WL1_ORIGINAL,false,OFF,528,GLOBAL,30800,
cfi-rigid-t2,graphs/cfi-rigid-t2/cfi-rigid-t2-0528-04-1,528,4320,WL_DIST,1,42,132,132,4,4.00,1,2112,1056,31200,2240,8,6,20,331.9,792,0,792,0,792,0,266,94,0,180000,2,1.22,0,0,528,,,CERTIFIED,287,331.9,132,,,WL1_ORIGINAL,false,OFF,528,GLOBAL,31200,
cfi-rigid-t2,graphs/cfi-rigid-t2/cfi-rigid-t2-0528-04-2,528,4320,WL_DIST,1,42,132,132,4,4.00,1,2112,1056,31200,1728,8,6,19,331.9,792,0,792,0,792,0,339,136,0,180000,2,1.15,0,0,528,,,CERTIFIED,359,331.9,132,,,WL1_ORIGINAL,false,OFF,528,GLOBAL,31200,
cfi-rigid-t2,graphs/cfi-rigid-t2/cfi-rigid-t2-0576-01-1,576,4684,WL_DIST,1,42,144,144,4,4.00,1,2304,1152,33680,1824,8,6,24,332.2,864,0,864,0,864,0,610,261,0,180000,2,1.00,0,0,576,,,CERTIFIED,635,332.3,144,,,WL1_ORIGINAL,false,OFF,576,GLOBAL,33680,
cfi-rigid-t2,graphs/cfi-rigid-t2/cfi-rigid-t2-0576-01-2,576,4684,WL_DIST,1,42,144,144,4,4.00,1,2304,1152,33680,1728,8,6,24,332.3,864,0,864,0,864,0,720,323,0,180000,2,1.00,0,0,576,,,CERTIFIED,745,332.4,144,,,WL1_ORIGINAL,false,OFF,576,GLOBAL,33680,
cfi-rigid-t2,graphs/cfi-rigid-t2/cfi-rigid-t2-0576-02-1,576,4684,WL_DIST,1,42,144,144,4,4.00,1,2304,1152,33584,2112,8,6,25,332.4,864,0,864,0,864,0,516,253,0,180000,2,1.14,0,0,576,,,CERTIFIED,542,332.5,144,,,WL1_ORIGINAL,false,OFF,576,GLOBAL,33584,
cfi-rigid-t2,graphs/cfi-rigid-t2/cfi-rigid-t2-0576-02-2,576,4684,WL_DIST,1,42,144,144,4,4.00,1,2304,1152,33584,1568,8,6,24,332.5,864,0,864,0,864,0,564,249,0,180000,2,1.02,0,0,576,,,CERTIFIED,589,332.5,144,,,WL1_ORIGINAL,false,OFF,576,GLOBAL,33584,
cfi-rigid-t2,graphs/cfi-rigid-t2/cfi-rigid-t2-0576-03-1,576,4672,WL_DIST,1,42,144,144,4,4.00,1,2304,1152,33632,1984,8,6,21,332.5,864,0,864,0,864,0,702,356,0,180000,2,1.01,0,0,576,,,CERTIFIED,724,332.7,144,,,WL1_ORIGINAL,false,OFF,576,GLOBAL,33632,
cfi-rigid-t2,graphs/cfi-rigid-t2/cfi-rigid-t2-0576-03-2,576,4672,WL_DIST,1,42,144,144,4,4.00,1,2304,1152,33632,1696,8,6,21,332.7,864,0,864,0,864,0,728,333,0,180000,2,1.10,0,0,576,,,CERTIFIED,750,332.7,144,,,WL1_ORIGINAL,false,OFF,576,GLOBAL,33632,
cfi-rigid-t2,graphs/cfi-rigid-t2/cfi-rigid-t2-0576-04-1,576,4684,WL_DIST,1,42,144,144,4,4.00,0,2304,1152,33680,1984,8,6,21,332.7,864,0,864,0,864,0,527,226,0,180000,2,1.01,0,0,576,,,CERTIFIED,548,332.7,144,,,WL1_ORIGINAL,false,OFF,576,GLOBAL,33680,
cfi-rigid-t2,graphs/cfi-rigid-t2/cfi-rigid-t2-0576-04-2,576,4684,WL_DIST,1,42,144,144,4,4.00,1,2304,1152,33680,2112,8,6,21,332.7,864,0,864,0,864,0,525,240,0,180000,2,1.01,0,0,576,,,CERTIFIED,547,332.7,144,,,WL1_ORIGINAL,false,OFF,576,GLOBAL,33680,
cfi-rigid-t2,graphs/cfi-rigid-t2/cfi-rigid-t2-0624-01-1,624,5088,WL_DIST,1,42,156,156,4,4.00,1,2496,1248,36960,2240,8,6,24,333.1,936,0,936,0,936,0,1286,683,0,180000,2,1.03,0,0,624,,,CERTIFIED,1311,333.9,156,,,WL1_ORIGINAL,false,OFF,624,GLOBAL,36960,
cfi-rigid-t2,graphs/cfi-rigid-t2/cfi-rigid-t2-0624-01-2,624,5088,WL_DIST,1,42,156,156,4,4.00,2,2496,1248,36960,1856,8,6,24,333.9,936,0,936,0,936,0,1675,691,0,180000,2,1.04,0,0,624,,,CERTIFIED,1701,333.9,156,,,WL1_ORIGINAL,false,OFF,624,GLOBAL,36960,
cfi-rigid-t2,graphs/cfi-rigid-t2/cfi-rigid-t2-0624-02-1,624,5076,WL_DIST,1,42,156,156,4,4.00,1,2496,1248,36624,2240,8,6,26,333.9,936,0,936,0,936,0,604,270,0,180000,2,1.07,0,0,624,,,CERTIFIED,631,333.9,156,,,WL1_ORIGINAL,false,OFF,624,GLOBAL,36624,
cfi-rigid-t2,graphs/cfi-rigid-t2/cfi-rigid-t2-0624-02-2,624,5076,WL_DIST,1,42,156,156,4,4.00,1,2496,1248,36624,2112,8,6,26,333.9,936,0,936,0,936,0,460,150,0,180000,2,1.08,0,0,624,,,CERTIFIED,487,334.0,156,,,WL1_ORIGINAL,false,OFF,624,GLOBAL,36624,
cfi-rigid-t2,graphs/cfi-rigid-t2/cfi-rigid-t2-0624-03-1,624,5088,WL_DIST,1,42,156,156,4,4.00,1,2496,1248,36960,2112,8,6,27,334.1,936,0,936,0,936,0,1123,534,0,180000,2,1.01,0,0,624,,,CERTIFIED,1151,339.0,156,,,WL1_ORIGINAL,false,OFF,624,GLOBAL,36960,
cfi-rigid-t2,graphs/cfi-rigid-t2/cfi-rigid-t2-0624-03-2,624,5088,WL_DIST,1,42,156,156,4,4.00,0,2496,1248,36960,1600,8,6,27,339.0,936,0,936,0,936,0,1005,481,0,180000,2,1.06,0,0,624,,,CERTIFIED,1032,339.1,156,,,WL1_ORIGINAL,false,OFF,624,GLOBAL,36960,
cfi-rigid-t2,graphs/cfi-rigid-t2/cfi-rigid-t2-0624-04-1,624,5048,WL_DIST,1,42,156,156,4,4.00,1,2496,1248,36352,1824,8,6,23,339.0,936,0,936,0,936,0,700,270,0,180000,2,1.02,0,0,624,,,CERTIFIED,724,345.6,156,,,WL1_ORIGINAL,false,OFF,624,GLOBAL,36352,
cfi-rigid-t2,graphs/cfi-rigid-t2/cfi-rigid-t2-0624-04-2,624,5048,WL_DIST,1,42,156,156,4,4.00,1,2496,1248,36352,1984,8,6,23,345.6,936,0,936,0,936,0,801,296,0,180000,2,1.01,0,0,624,,,CERTIFIED,825,345.8,156,,,WL1_ORIGINAL,false,OFF,624,GLOBAL,36352,
cfi-rigid-t2,graphs/cfi-rigid-t2/cfi-rigid-t2-0672-01-1,672,5464,WL_DIST,1,42,168,168,4,4.00,1,2688,1344,39584,2112,8,6,26,346.0,1008,0,1008,0,1008,0,1197,539,0,180000,2,1.04,0,0,672,,,CERTIFIED,1224,346.8,168,,,WL1_ORIGINAL,false,OFF,672,GLOBAL,39584,
cfi-rigid-t2,graphs/cfi-rigid-t2/cfi-rigid-t2-0672-01-2,672,5464,WL_DIST,1,42,168,168,4,4.00,1,2688,1344,39584,1984,8,6,25,346.8,1008,0,1008,0,1008,0,1134,517,0,180000,2,1.01,0,0,672,,,CERTIFIED,1160,346.8,168,,,WL1_ORIGINAL,false,OFF,672,GLOBAL,39584,
cfi-rigid-t2,graphs/cfi-rigid-t2/cfi-rigid-t2-0672-02-1,672,5472,WL_DIST,1,42,168,168,4,4.00,1,2688,1344,39552,2240,8,6,25,346.8,1008,0,1008,0,1008,0,788,238,0,180000,2,1.14,0,0,672,,,CERTIFIED,814,346.8,168,,,WL1_ORIGINAL,false,OFF,672,GLOBAL,39552,
cfi-rigid-t2,graphs/cfi-rigid-t2/cfi-rigid-t2-0672-02-2,672,5472,WL_DIST,1,42,168,168,4,4.00,1,2688,1344,39552,1984,8,6,29,346.8,1008,0,1008,0,1008,0,783,290,0,180000,2,1.01,0,0,672,,,CERTIFIED,813,347.1,168,,,WL1_ORIGINAL,false,OFF,672,GLOBAL,39552,
cfi-rigid-t2,graphs/cfi-rigid-t2/cfi-rigid-t2-0672-03-1,672,5460,WL_DIST,1,42,168,168,4,4.00,1,2688,1344,39312,1728,8,6,28,347.1,1008,0,1008,0,1008,0,441,196,0,180000,2,1.01,0,0,672,,,CERTIFIED,470,347.1,168,,,WL1_ORIGINAL,false,OFF,672,GLOBAL,39312,
cfi-rigid-t2,graphs/cfi-rigid-t2/cfi-rigid-t2-0672-03-2,672,5460,WL_DIST,1,42,168,168,4,4.00,1,2688,1344,39312,2240,8,6,26,347.1,1008,0,1008,0,1008,0,730,345,0,180000,2,1.03,0,0,672,,,CERTIFIED,757,347.1,168,,,WL1_ORIGINAL,false,OFF,672,GLOBAL,39312,
cfi-rigid-t2,graphs/cfi-rigid-t2/cfi-rigid-t2-0672-04-1,672,5476,WL_DIST,1,42,168,168,4,4.00,1,2688,1344,39632,2240,8,6,25,347.1,1008,0,1008,0,1008,0,1054,439,0,180000,2,1.00,0,0,672,,,CERTIFIED,1080,347.2,168,,,WL1_ORIGINAL,false,OFF,672,GLOBAL,39632,
cfi-rigid-t2,graphs/cfi-rigid-t2/cfi-rigid-t2-0672-04-2,672,5476,WL_DIST,1,42,168,168,4,4.00,1,2688,1344,39632,2240,8,6,26,347.2,1008,0,1008,0,1008,0,1197,569,0,180000,2,1.01,0,0,672,,,CERTIFIED,1224,347.2,168,,,WL1_ORIGINAL,false,OFF,672,GLOBAL,39632,
cfi-rigid-t2,graphs/cfi-rigid-t2/cfi-rigid-t2-0720-01-1,720,5860,WL_DIST,1,42,180,180,4,4.00,2,2880,1440,42128,1600,8,6,28,347.5,1080,0,1080,0,1080,0,895,396,0,180000,2,1.00,0,0,720,,,CERTIFIED,925,347.9,180,,,WL1_ORIGINAL,false,OFF,720,GLOBAL,42128,
cfi-rigid-t2,graphs/cfi-rigid-t2/cfi-rigid-t2-0720-01-2,720,5860,WL_DIST,1,42,180,180,4,4.00,1,2880,1440,42128,1728,8,6,31,348.0,1080,0,1080,0,1080,0,934,395,0,180000,2,1.04,0,0,720,,,CERTIFIED,966,348.1,180,,,WL1_ORIGINAL,false,OFF,720,GLOBAL,42128,
cfi-rigid-t2,graphs/cfi-rigid-t2/cfi-rigid-t2-0720-02-1,720,5860,WL_DIST,1,42,180,180,4,4.00,4,2880,1440,42320,2112,8,6,28,348.1,1080,0,1080,0,1080,0,1262,378,0,180000,2,1.12,0,0,720,,,CERTIFIED,1294,348.4,180,,,WL1_ORIGINAL,false,OFF,720,GLOBAL,42320,
cfi-rigid-t2,graphs/cfi-rigid-t2/cfi-rigid-t2-0720-02-2,720,5860,WL_DIST,1,42,180,180,4,4.00,1,2880,1440,42320,1856,8,6,28,348.4,1080,0,1080,0,1080,0,1139,496,0,180000,2,1.08,0,0,720,,,CERTIFIED,1168,348.4,180,,,WL1_ORIGINAL,false,OFF,720,GLOBAL,42320,
cfi-rigid-t2,graphs/cfi-rigid-t2/cfi-rigid-t2-0720-03-1,720,5872,WL_DIST,1,42,180,180,4,4.00,1,2880,1440,42464,2240,8,6,31,348.4,1080,0,1080,0,1080,0,1091,415,0,180000,2,1.10,0,0,720,,,CERTIFIED,1123,348.5,180,,,WL1_ORIGINAL,false,OFF,720,GLOBAL,42464,
cfi-rigid-t2,graphs/cfi-rigid-t2/cfi-rigid-t2-0720-03-2,720,5872,WL_DIST,1,42,180,180,4,4.00,1,2880,1440,42464,1856,8,6,27,348.5,1080,0,1080,0,1080,0,1607,1001,0,180000,2,1.23,0,0,720,,,CERTIFIED,1635,348.5,180,,,WL1_ORIGINAL,false,OFF,720,GLOBAL,42464,
cfi-rigid-t2,graphs/cfi-rigid-t2/cfi-rigid-t2-0720-04-1,720,5884,WL_DIST,1,42,180,180,4,4.00,1,2880,1440,42512,2368,8,6,29,348.6,1080,0,1080,0,1080,0,1321,703,0,180000,2,1.08,0,0,720,,,CERTIFIED,1351,349.3,180,,,WL1_ORIGINAL,false,OFF,720,GLOBAL,42512,
cfi-rigid-t2,graphs/cfi-rigid-t2/cfi-rigid-t2-0720-04-2,720,5884,WL_DIST,1,42,180,180,4,4.00,1,2880,1440,42512,1856,8,6,32,349.3,1080,0,1080,0,1080,0,1292,594,0,180000,2,1.10,0,0,720,,,CERTIFIED,1325,349.3,180,,,WL1_ORIGINAL,false,OFF,720,GLOBAL,42512,
cfi-rigid-t2,graphs/cfi-rigid-t2/cfi-rigid-t2-0768-01-1,768,6252,WL_DIST,1,42,192,192,4,4.00,1,3072,1536,45168,1856,8,6,30,349.5,1152,0,1152,0,1152,0,2684,1000,0,180000,2,1.16,0,0,768,,,CERTIFIED,2715,350.1,192,,,WL1_ORIGINAL,false,OFF,768,GLOBAL,45168,
cfi-rigid-t2,graphs/cfi-rigid-t2/cfi-rigid-t2-0768-01-2,768,6252,WL_DIST,1,42,192,192,4,4.00,2,3072,1536,45168,1856,8,6,30,350.1,1152,0,1152,0,1152,0,1628,1000,0,180000,2,1.01,0,0,768,,,CERTIFIED,1660,350.1,192,,,WL1_ORIGINAL,false,OFF,768,GLOBAL,45168,
cfi-rigid-t2,graphs/cfi-rigid-t2/cfi-rigid-t2-0768-02-1,768,6260,WL_DIST,1,42,192,192,4,4.00,1,3072,1536,45232,1856,8,6,31,350.1,1152,0,1152,0,1152,0,2145,1001,0,180000,2,1.13,0,0,768,,,CERTIFIED,2177,350.1,192,,,WL1_ORIGINAL,false,OFF,768,GLOBAL,45232,
cfi-rigid-t2,graphs/cfi-rigid-t2/cfi-rigid-t2-0768-02-2,768,6260,WL_DIST,1,42,192,192,4,4.00,1,3072,1536,45232,1728,8,6,22,350.1,1152,0,1152,0,1152,0,2786,1000,0,180000,2,1.08,0,0,768,,,CERTIFIED,2809,350.1,192,,,WL1_ORIGINAL,false,OFF,768,GLOBAL,45232,
cfi-rigid-t2,graphs/cfi-rigid-t2/cfi-rigid-t2-0768-03-1,768,6268,WL_DIST,1,42,192,192,4,4.00,1,3072,1536,45392,1856,8,6,26,350.1,1152,0,1152,0,1152,0,3087,1001,0,180000,2,1.14,0,0,768,,,CERTIFIED,3114,350.2,192,,,WL1_ORIGINAL,false,OFF,768,GLOBAL,45392,
cfi-rigid-t2,graphs/cfi-rigid-t2/cfi-rigid-t2-0768-03-2,768,6268,WL_DIST,1,42,192,192,4,4.00,1,3072,1536,45392,1600,8,6,22,350.2,1152,0,1152,0,1152,0,2639,1000,0,180000,2,1.06,0,0,768,,,CERTIFIED,2662,350.2,192,,,WL1_ORIGINAL,false,OFF,768,GLOBAL,45392,
cfi-rigid-t2,graphs/cfi-rigid-t2/cfi-rigid-t2-0768-04-1,768,6256,WL_DIST,1,42,192,192,4,4.00,1,3072,1536,45248,2112,8,6,26,350.2,1152,0,1152,0,1152,0,1751,1000,0,180000,2,1.04,0,0,768,,,CERTIFIED,1778,350.2,192,,,WL1_ORIGINAL,false,OFF,768,GLOBAL,45248,
cfi-rigid-t2,graphs/cfi-rigid-t2/cfi-rigid-t2-0768-04-2,768,6256,WL_DIST,1,42,192,192,4,4.00,1,3072,1536,45248,2368,8,6,22,350.2,1152,0,1152,0,1152,0,2318,1001,0,180000,2,1.30,0,0,768,,,CERTIFIED,2341,350.3,192,,,WL1_ORIGINAL,false,OFF,768,GLOBAL,45248,
cfi-rigid-t2,graphs/cfi-rigid-t2/cfi-rigid-t2-0816-01-1,816,6640,WL_DIST,1,42,204,204,4,4.00,1,3264,1632,48032,1856,8,6,29,350.6,1224,0,1224,0,1224,0,3239,1001,0,180000,2,1.11,0,0,816,,,CERTIFIED,3269,351.1,204,,,WL1_ORIGINAL,false,OFF,816,GLOBAL,48032,
cfi-rigid-t2,graphs/cfi-rigid-t2/cfi-rigid-t2-0816-01-2,816,6640,WL_DIST,1,42,204,204,4,4.00,1,3264,1632,48032,1472,8,6,26,351.1,1224,0,1224,0,1224,0,2277,1000,0,180000,2,1.08,0,0,816,,,CERTIFIED,2304,351.1,204,,,WL1_ORIGINAL,false,OFF,816,GLOBAL,48032,
cfi-rigid-t2,graphs/cfi-rigid-t2/cfi-rigid-t2-0816-02-1,816,6636,WL_DIST,1,42,204,204,4,4.00,1,3264,1632,47952,2112,8,6,35,393.3,1224,0,1224,0,1224,0,1870,1000,0,180000,2,1.01,0,0,816,,,CERTIFIED,1906,393.3,204,,,WL1_ORIGINAL,false,OFF,816,GLOBAL,47952,
cfi-rigid-t2,graphs/cfi-rigid-t2/cfi-rigid-t2-0816-02-2,816,6636,WL_DIST,1,42,204,204,4,4.00,0,3264,1632,47952,1600,8,6,25,393.3,1224,0,1224,0,1224,0,2199,1000,0,180000,2,1.10,0,0,816,,,CERTIFIED,2224,393.3,204,,,WL1_ORIGINAL,false,OFF,816,GLOBAL,47952,
cfi-rigid-t2,graphs/cfi-rigid-t2/cfi-rigid-t2-0816-03-1,816,6660,WL_DIST,1,42,204,204,4,4.00,2,3264,1632,48240,1728,8,6,32,393.3,1224,0,1224,0,1224,0,4186,1000,0,180000,2,1.00,0,0,816,,,CERTIFIED,4220,393.4,204,,,WL1_ORIGINAL,false,OFF,816,GLOBAL,48240,
cfi-rigid-t2,graphs/cfi-rigid-t2/cfi-rigid-t2-0816-03-2,816,6660,WL_DIST,1,42,204,204,4,4.00,1,3264,1632,48240,1600,8,6,35,393.4,1224,0,1224,0,1224,0,3550,1000,0,180000,2,1.00,0,0,816,,,CERTIFIED,3586,393.4,204,,,WL1_ORIGINAL,false,OFF,816,GLOBAL,48240,
cfi-rigid-t2,graphs/cfi-rigid-t2/cfi-rigid-t2-0816-04-1,816,6652,WL_DIST,1,42,204,204,4,4.00,1,3264,1632,48176,1856,8,6,32,393.4,1224,0,1224,0,1224,0,4535,1000,0,180000,2,1.30,0,0,816,,,CERTIFIED,4568,393.4,204,,,WL1_ORIGINAL,false,OFF,816,GLOBAL,48176,
cfi-rigid-t2,graphs/cfi-rigid-t2/cfi-rigid-t2-0816-04-2,816,6652,WL_DIST,1,42,204,204,4,4.00,1,3264,1632,48176,2112,8,6,32,393.4,1224,0,1224,0,1224,0,2741,1001,0,180000,2,1.03,0,0,816,,,CERTIFIED,2774,393.6,204,,,WL1_ORIGINAL,false,OFF,816,GLOBAL,48176,
cfi-rigid-t2,graphs/cfi-rigid-t2/cfi-rigid-t2-0864-01-1,864,7044,WL_DIST,1,42,216,216,4,4.00,2,3456,1728,50928,2112,8,6,38,393.8,1296,0,1296,0,1296,0,5478,1000,0,180000,2,1.04,0,0,864,,,CERTIFIED,5518,394.4,216,,,WL1_ORIGINAL,false,OFF,864,GLOBAL,50928,
cfi-rigid-t2,graphs/cfi-rigid-t2/cfi-rigid-t2-0864-01-2,864,7044,WL_DIST,1,42,216,216,4,4.00,2,3456,1728,50928,1472,8,6,34,394.4,1296,0,1296,0,1296,0,5712,1000,0,180000,2,1.16,0,0,864,,,CERTIFIED,5748,394.4,216,,,WL1_ORIGINAL,false,OFF,864,GLOBAL,50928,
cfi-rigid-t2,graphs/cfi-rigid-t2/cfi-rigid-t2-0864-02-1,864,7040,WL_DIST,1,42,216,216,4,4.00,1,3456,1728,50944,1984,8,6,35,394.4,1296,0,1296,0,1296,0,4449,1000,0,180000,2,1.02,0,0,864,,,CERTIFIED,4485,394.9,216,,,WL1_ORIGINAL,false,OFF,864,GLOBAL,50944,
cfi-rigid-t2,graphs/cfi-rigid-t2/cfi-rigid-t2-0864-02-2,864,7040,WL_DIST,1,42,216,216,4,4.00,2,3456,1728,50944,2112,8,6,34,394.9,1296,0,1296,0,1296,0,3248,1000,0,180000,2,1.09,0,0,864,,,CERTIFIED,3284,394.9,216,,,WL1_ORIGINAL,false,OFF,864,GLOBAL,50944,
cfi-rigid-t2,graphs/cfi-rigid-t2/cfi-rigid-t2-0864-03-1,864,7008,WL_DIST,1,42,216,216,4,4.00,2,3456,1728,50592,1728,8,6,34,394.9,1296,0,1296,0,1296,0,3427,1000,0,180000,2,1.06,0,0,864,,,CERTIFIED,3463,394.9,216,,,WL1_ORIGINAL,false,OFF,864,GLOBAL,50592,
cfi-rigid-t2,graphs/cfi-rigid-t2/cfi-rigid-t2-0864-03-2,864,7008,WL_DIST,1,42,216,216,4,4.00,1,3456,1728,50592,1600,8,6,38,395.0,1296,0,1296,0,1296,0,2894,1000,0,180000,2,1.11,0,0,864,,,CERTIFIED,2933,395.0,216,,,WL1_ORIGINAL,false,OFF,864,GLOBAL,50592,
cfi-rigid-t2,graphs/cfi-rigid-t2/cfi-rigid-t2-0864-04-1,864,7020,WL_DIST,1,42,216,216,4,4.00,1,3456,1728,50736,1600,8,6,34,395.0,1296,0,1296,0,1296,0,2332,1000,0,180000,2,1.00,0,0,864,,,CERTIFIED,2367,395.0,216,,,WL1_ORIGINAL,false,OFF,864,GLOBAL,50736,
cfi-rigid-t2,graphs/cfi-rigid-t2/cfi-rigid-t2-0864-04-2,864,7020,WL_DIST,1,42,216,216,4,4.00,1,3456,1728,50736,2240,8,6,37,395.0,1296,0,1296,0,1296,0,2367,1000,0,180000,2,1.03,0,0,864,,,CERTIFIED,2405,395.0,216,,,WL1_ORIGINAL,false,OFF,864,GLOBAL,50736,
cfi-rigid-t2,graphs/cfi-rigid-t2/cfi-rigid-t2-0912-01-1,912,7432,WL_DIST,1,42,228,228,4,4.00,1,3648,1824,53888,1600,8,6,37,395.6,1368,0,1368,0,1368,0,10724,1000,0,180000,2,1.24,0,0,912,,,CERTIFIED,10762,396.8,228,,,WL1_ORIGINAL,false,OFF,912,GLOBAL,53888,
cfi-rigid-t2,graphs/cfi-rigid-t2/cfi-rigid-t2-0912-01-2,912,7432,WL_DIST,1,42,228,228,4,4.00,1,3648,1824,53888,1472,8,6,40,396.8,1368,0,1368,0,1368,0,9333,1000,0,180000,2,1.05,0,0,912,,,CERTIFIED,9374,396.8,228,,,WL1_ORIGINAL,false,OFF,912,GLOBAL,53888,
cfi-rigid-t2,graphs/cfi-rigid-t2/cfi-rigid-t2-0912-02-1,912,7424,WL_DIST,1,42,228,228,4,4.00,1,3648,1824,53728,1728,8,6,36,396.8,1368,0,1368,0,1368,0,5073,1000,0,180000,2,1.10,0,0,912,,,CERTIFIED,5110,396.9,228,,,WL1_ORIGINAL,false,OFF,912,GLOBAL,53728,
cfi-rigid-t2,graphs/cfi-rigid-t2/cfi-rigid-t2-0912-02-2,912,7424,WL_DIST,1,42,228,228,4,4.00,1,3648,1824,53728,1856,8,6,42,405.1,1368,0,1368,0,1368,0,3484,1000,0,180000,2,1.00,0,0,912,,,CERTIFIED,3527,447.1,228,,,WL1_ORIGINAL,false,OFF,912,GLOBAL,53728,
cfi-rigid-t2,graphs/cfi-rigid-t2/cfi-rigid-t2-0912-03-1,912,7416,WL_DIST,1,42,228,228,4,4.00,1,3648,1824,53568,1984,8,6,36,447.2,1368,0,1368,0,1368,0,10278,1000,0,180000,2,1.32,0,0,912,,,CERTIFIED,10315,452.0,228,,,WL1_ORIGINAL,false,OFF,912,GLOBAL,53568,
cfi-rigid-t2,graphs/cfi-rigid-t2/cfi-rigid-t2-0912-03-2,912,7416,WL_DIST,1,42,228,228,4,4.00,1,3648,1824,53568,1984,8,6,36,452.0,1368,0,1368,0,1368,0,4999,1000,0,180000,2,1.09,0,0,912,,,CERTIFIED,5036,452.0,228,,,WL1_ORIGINAL,false,OFF,912,GLOBAL,53568,
cfi-rigid-t2,graphs/cfi-rigid-t2/cfi-rigid-t2-0912-04-1,912,7428,WL_DIST,1,42,228,228,4,4.00,2,3648,1824,53904,1984,8,6,36,452.1,1368,0,1368,0,1368,0,2981,1000,0,180000,2,1.00,0,0,912,,,CERTIFIED,3019,452.1,228,,,WL1_ORIGINAL,false,OFF,912,GLOBAL,53904,
cfi-rigid-t2,graphs/cfi-rigid-t2/cfi-rigid-t2-0912-04-2,912,7428,WL_DIST,1,42,228,228,4,4.00,1,3648,1824,53904,1600,8,6,41,452.1,1368,0,1368,0,1368,0,4317,1000,0,180000,2,1.08,0,0,912,,,CERTIFIED,4359,452.1,228,,,WL1_ORIGINAL,false,OFF,912,GLOBAL,53904,
cfi-rigid-t2,graphs/cfi-rigid-t2/cfi-rigid-t2-0960-01-1,960,7816,WL_DIST,1,42,240,240,4,4.00,1,3840,1920,56576,1728,8,6,39,452.3,1440,0,1440,0,1440,0,6564,1000,0,180000,2,1.11,0,0,960,,,CERTIFIED,6604,455.9,240,,,WL1_ORIGINAL,false,OFF,960,GLOBAL,56576,
cfi-rigid-t2,graphs/cfi-rigid-t2/cfi-rigid-t2-0960-01-2,960,7816,WL_DIST,1,42,240,240,4,4.00,2,3840,1920,56576,1856,8,6,38,455.9,1440,0,1440,0,1440,0,9387,1000,0,180000,2,1.09,0,0,960,,,CERTIFIED,9427,455.9,240,,,WL1_ORIGINAL,false,OFF,960,GLOBAL,56576,
cfi-rigid-t2,graphs/cfi-rigid-t2/cfi-rigid-t2-0960-02-1,960,7832,WL_DIST,1,42,240,240,4,4.00,1,3840,1920,56704,2240,8,6,43,455.9,1440,0,1440,0,1440,0,5073,1000,0,180000,2,1.03,0,0,960,,,CERTIFIED,5117,456.0,240,,,WL1_ORIGINAL,false,OFF,960,GLOBAL,56704,
cfi-rigid-t2,graphs/cfi-rigid-t2/cfi-rigid-t2-0960-02-2,960,7832,WL_DIST,1,42,240,240,4,4.00,1,3840,1920,56704,1088,8,6,39,456.0,1440,0,1440,0,1440,0,5562,1001,0,180000,2,1.01,0,0,960,,,CERTIFIED,5602,458.0,240,,,WL1_ORIGINAL,false,OFF,960,GLOBAL,56704,
cfi-rigid-t2,graphs/cfi-rigid-t2/cfi-rigid-t2-0960-03-1,960,7828,WL_DIST,1,42,240,240,4,4.00,1,3840,1920,56720,1472,8,6,38,458.1,1440,0,1440,0,1440,0,13260,1002,0,180000,2,1.05,0,0,960,,,CERTIFIED,13299,458.1,240,,,WL1_ORIGINAL,false,OFF,960,GLOBAL,56720,
cfi-rigid-t2,graphs/cfi-rigid-t2/cfi-rigid-t2-0960-03-2,960,7828,WL_DIST,1,42,240,240,4,4.00,1,3840,1920,56720,2240,8,6,42,458.1,1440,0,1440,0,1440,0,5564,1000,0,180000,2,1.00,0,0,960,,,CERTIFIED,5607,458.1,240,,,WL1_ORIGINAL,false,OFF,960,GLOBAL,56720,
cfi-rigid-t2,graphs/cfi-rigid-t2/cfi-rigid-t2-0960-04-1,960,7820,WL_DIST,1,42,240,240,4,4.00,2,3840,1920,56560,1984,8,6,39,458.1,1440,0,1440,0,1440,0,5998,1000,0,180000,2,1.02,0,0,960,,,CERTIFIED,6039,458.1,240,,,WL1_ORIGINAL,false,OFF,960,GLOBAL,56560,
cfi-rigid-t2,graphs/cfi-rigid-t2/cfi-rigid-t2-0960-04-2,960,7820,WL_DIST,1,42,240,240,4,4.00,1,3840,1920,56560,1984,8,6,43,458.1,1440,0,1440,0,1440,0,4693,1001,0,180000,2,1.19,0,0,960,,,CERTIFIED,4737,458.1,240,,,WL1_ORIGINAL,false,OFF,960,GLOBAL,56560,
cfi-rigid-t2,graphs/cfi-rigid-t2/cfi-rigid-t2-1008-01-1,1008,8244,WL_DIST,1,42,252,252,4,4.00,1,4032,2016,59760,1984,8,6,41,458.4,1512,0,1512,0,1512,0,9901,1000,0,180000,2,1.13,0,0,1008,,,CERTIFIED,9943,462.6,252,,,WL1_ORIGINAL,false,OFF,1008,GLOBAL,59760,
cfi-rigid-t2,graphs/cfi-rigid-t2/cfi-rigid-t2-1008-01-2,1008,8244,WL_DIST,1,42,252,252,4,4.00,1,4032,2016,59760,1216,8,6,41,462.6,1512,0,1512,0,1512,0,11130,1000,0,180000,2,1.10,0,0,1008,,,CERTIFIED,11172,462.6,252,,,WL1_ORIGINAL,false,OFF,1008,GLOBAL,59760,
cfi-rigid-t2,graphs/cfi-rigid-t2/cfi-rigid-t2-1008-02-1,1008,8200,WL_DIST,1,42,252,252,4,4.00,2,4032,2016,59360,1984,8,6,41,462.7,1512,0,1512,0,1512,0,10777,1000,0,180000,2,1.17,0,0,1008,,,CERTIFIED,10820,462.7,252,,,WL1_ORIGINAL,false,OFF,1008,GLOBAL,59360,
cfi-rigid-t2,graphs/cfi-rigid-t2/cfi-rigid-t2-1008-02-2,1008,8200,WL_DIST,1,42,252,252,4,4.00,1,4032,2016,59360,2208,8,6,41,462.8,1512,0,1512,0,1512,0,6694,1002,0,180000,2,1.01,0,0,1008,,,CERTIFIED,6736,462.8,252,,,WL1_ORIGINAL,false,OFF,1008,GLOBAL,59360,
cfi-rigid-t2,graphs/cfi-rigid-t2/cfi-rigid-t2-1008-03-1,1008,8200,WL_DIST,1,42,252,252,4,4.00,2,4032,2016,59360,1856,8,6,44,462.9,1512,0,1512,0,1512,0,4858,1000,0,180000,2,1.00,0,0,1008,,,CERTIFIED,4904,489.1,252,,,WL1_ORIGINAL,false,OFF,1008,GLOBAL,59360,
cfi-rigid-t2,graphs/cfi-rigid-t2/cfi-rigid-t2-1008-03-2,1008,8200,WL_DIST,1,42,252,252,4,4.00,1,4032,2016,59360,2112,8,6,40,489.2,1512,0,1512,0,1512,0,4804,1000,0,180000,2,1.00,0,0,1008,,,CERTIFIED,4845,489.2,252,,,WL1_ORIGINAL,false,OFF,1008,GLOBAL,59360,
cfi-rigid-t2,graphs/cfi-rigid-t2/cfi-rigid-t2-1008-04-1,1008,8228,WL_DIST,1,42,252,252,4,4.00,1,4032,2016,59632,2240,8,6,45,489.2,1512,0,1512,0,1512,0,9957,1000,0,180000,2,1.04,0,0,1008,,,CERTIFIED,10003,489.3,252,,,WL1_ORIGINAL,false,OFF,1008,GLOBAL,59632,
cfi-rigid-t2,graphs/cfi-rigid-t2/cfi-rigid-t2-1008-04-2,1008,8228,WL_DIST,1,42,252,252,4,4.00,1,4032,2016,59632,1728,8,6,41,489.3,1512,0,1512,0,1512,0,11120,1000,0,180000,2,1.00,0,0,1008,,,CERTIFIED,11162,560.5,252,,,WL1_ORIGINAL,false,OFF,1008,GLOBAL,59632,
cfi-rigid-t2,graphs/cfi-rigid-t2/cfi-rigid-t2-1056-01-1,1056,8640,WL_DIST,1,42,264,264,4,4.00,1,4224,2112,62784,1344,8,6,49,561.6,1584,0,1584,0,1584,0,37172,1000,0,180000,2,1.03,0,0,1056,,,CERTIFIED,37222,564.3,264,,,WL1_ORIGINAL,false,OFF,1056,GLOBAL,62784,
cfi-rigid-t2,graphs/cfi-rigid-t2/cfi-rigid-t2-1056-01-2,1056,8640,WL_DIST,1,42,264,264,4,4.00,2,4224,2112,62784,2240,8,6,43,564.3,1584,0,1584,0,1584,0,85930,4068,0,180000,2,1.34,0,0,1056,,,CERTIFIED,85975,564.5,264,,,WL1_ORIGINAL,false,OFF,1056,GLOBAL,62784,
cfi-rigid-t2,graphs/cfi-rigid-t2/cfi-rigid-t2-1056-02-1,1056,8616,WL_DIST,1,42,264,264,4,4.00,2,4224,2112,62208,1824,8,6,44,564.5,1584,0,1584,0,1584,0,6722,1000,0,180000,2,1.07,0,0,1056,,,CERTIFIED,6768,564.6,264,,,WL1_ORIGINAL,false,OFF,1056,GLOBAL,62208,
cfi-rigid-t2,graphs/cfi-rigid-t2/cfi-rigid-t2-1056-02-2,1056,8616,WL_DIST,1,42,264,264,4,4.00,1,4224,2112,62208,2240,8,6,43,564.6,1584,0,1584,0,1584,0,13090,1046,0,180000,2,1.31,0,0,1056,,,CERTIFIED,13134,564.6,264,,,WL1_ORIGINAL,false,OFF,1056,GLOBAL,62208,
cfi-rigid-t2,graphs/cfi-rigid-t2/cfi-rigid-t2-1056-03-1,1056,8612,WL_DIST,1,42,264,264,4,4.00,2,4224,2112,62416,2240,8,6,48,564.6,1584,0,1584,0,1584,0,4744,1000,0,180000,2,1.01,0,0,1056,,,CERTIFIED,4794,564.7,264,,,WL1_ORIGINAL,false,OFF,1056,GLOBAL,62416,
cfi-rigid-t2,graphs/cfi-rigid-t2/cfi-rigid-t2-1056-03-2,1056,8612,WL_DIST,1,42,264,264,4,4.00,1,4224,2112,62416,1728,8,6,43,564.7,1584,0,1584,0,1584,0,11987,1157,0,180000,2,1.13,0,0,1056,,,CERTIFIED,12031,564.7,264,,,WL1_ORIGINAL,false,OFF,1056,GLOBAL,62416,
cfi-rigid-t2,graphs/cfi-rigid-t2/cfi-rigid-t2-1056-04-1,1056,8612,WL_DIST,1,42,264,264,4,4.00,1,4224,2112,62416,1728,8,6,43,564.7,1584,0,1584,0,1584,0,50366,1000,0,180000,2,1.01,0,0,1056,,,CERTIFIED,50410,564.7,264,,,WL1_ORIGINAL,false,OFF,1056,GLOBAL,62416,
cfi-rigid-t2,graphs/cfi-rigid-t2/cfi-rigid-t2-1056-04-2,1056,8612,WL_DIST,1,42,264,264,4,4.00,2,4224,2112,62416,2080,8,6,47,564.7,1584,0,1584,0,1584,0,42481,1003,0,180000,2,1.09,0,0,1056,,,CERTIFIED,42530,565.5,264,,,WL1_ORIGINAL,false,OFF,1056,GLOBAL,62416,
cfi-rigid-t2,graphs/cfi-rigid-t2/cfi-rigid-t2-1104-01-1,1104,8996,WL_DIST,1,42,276,276,4,4.00,2,4416,2208,65296,2240,8,6,46,565.9,1656,0,1656,0,1656,0,25292,1000,0,180000,2,1.18,0,0,1104,,,CERTIFIED,25340,566.9,276,,,WL1_ORIGINAL,false,OFF,1104,GLOBAL,65296,
cfi-rigid-t2,graphs/cfi-rigid-t2/cfi-rigid-t2-1104-01-2,1104,8996,WL_DIST,1,42,276,276,4,4.00,2,4416,2208,65296,1344,8,6,46,566.9,1656,0,1656,0,1656,0,15055,1003,0,180000,2,1.09,0,0,1104,,,CERTIFIED,15103,566.9,276,,,WL1_ORIGINAL,false,OFF,1104,GLOBAL,65296,
cfi-rigid-t2,graphs/cfi-rigid-t2/cfi-rigid-t2-1104-02-1,1104,9008,WL_DIST,1,42,276,276,4,4.00,2,4416,2208,65344,2240,8,6,49,566.9,1656,0,1656,0,1656,0,69444,1002,0,180000,2,1.01,0,0,1104,,,CERTIFIED,69495,583.0,276,,,WL1_ORIGINAL,false,OFF,1104,GLOBAL,65344,
cfi-rigid-t2,graphs/cfi-rigid-t2/cfi-rigid-t2-1104-02-2,1104,9008,WL_DIST,1,42,276,276,4,4.00,2,4416,2208,65344,1728,8,6,45,583.0,1656,0,1656,0,1656,0,67450,3905,0,180000,2,1.29,0,0,1104,,,CERTIFIED,67497,590.7,276,,,WL1_ORIGINAL,false,OFF,1104,GLOBAL,65344,
cfi-rigid-t2,graphs/cfi-rigid-t2/cfi-rigid-t2-1104-03-1,1104,9016,WL_DIST,1,42,276,276,4,4.00,1,4416,2208,65312,1856,8,6,45,590.7,1656,0,1656,0,1656,0,13570,1003,0,180000,2,1.00,0,0,1104,,,CERTIFIED,13616,590.7,276,,,WL1_ORIGINAL,false,OFF,1104,GLOBAL,65312,
cfi-rigid-t2,graphs/cfi-rigid-t2/cfi-rigid-t2-1104-03-2,1104,9016,WL_DIST,1,42,276,276,4,4.00,2,4416,2208,65312,1728,8,6,49,590.7,1656,0,1656,0,1656,0,15136,1000,0,180000,2,1.03,0,0,1104,,,CERTIFIED,15187,590.7,276,,,WL1_ORIGINAL,false,OFF,1104,GLOBAL,65312,
cfi-rigid-t2,graphs/cfi-rigid-t2/cfi-rigid-t2-1104-04-1,1104,9004,WL_DIST,1,42,276,276,4,4.00,2,4416,2208,65072,1856,8,6,45,590.7,1656,0,1656,0,1656,0,4588,1000,0,180000,2,1.01,0,0,1104,,,CERTIFIED,4635,590.7,276,,,WL1_ORIGINAL,false,OFF,1104,GLOBAL,65072,
cfi-rigid-t2,graphs/cfi-rigid-t2/cfi-rigid-t2-1104-04-2,1104,9004,WL_DIST,1,42,276,276,4,4.00,2,4416,2208,65072,1728,8,6,45,590.7,1656,0,1656,0,1656,0,3653,1001,0,180000,2,1.06,0,0,1104,,,CERTIFIED,3700,590.8,276,,,WL1_ORIGINAL,false,OFF,1104,GLOBAL,65072,
cfi-rigid-t2,graphs/cfi-rigid-t2/cfi-rigid-t2-1152-01-1,1152,9372,WL_DIST,1,42,288,288,4,4.00,2,4608,2304,67824,1728,8,6,47,590.9,1728,0,1728,0,1728,0,11723,1004,0,180000,2,1.09,0,0,1152,,,CERTIFIED,11772,592.0,288,,,WL1_ORIGINAL,false,OFF,1152,GLOBAL,67824,
cfi-rigid-t2,graphs/cfi-rigid-t2/cfi-rigid-t2-1152-01-2,1152,9372,WL_DIST,1,42,288,288,4,4.00,1,4608,2304,67824,1824,8,6,47,592.0,1728,0,1728,0,1728,0,25304,1397,0,180000,2,1.12,0,0,1152,,,CERTIFIED,25352,592.1,288,,,WL1_ORIGINAL,false,OFF,1152,GLOBAL,67824,
cfi-rigid-t2,graphs/cfi-rigid-t2/cfi-rigid-t2-1152-02-1,1152,9400,WL_DIST,1,42,288,288,4,4.00,2,4608,2304,68192,2112,8,6,52,592.1,1728,0,1728,0,1728,0,30047,1003,0,180000,2,1.11,0,0,1152,,,CERTIFIED,30101,592.3,288,,,WL1_ORIGINAL,false,OFF,1152,GLOBAL,68192,
cfi-rigid-t2,graphs/cfi-rigid-t2/cfi-rigid-t2-1152-02-2,1152,9400,WL_DIST,1,42,288,288,4,4.00,1,4608,2304,68192,1472,8,6,48,592.3,1728,0,1728,0,1728,0,27535,1191,0,180000,2,1.09,0,0,1152,,,CERTIFIED,27584,592.3,288,,,WL1_ORIGINAL,false,OFF,1152,GLOBAL,68192,
cfi-rigid-t2,graphs/cfi-rigid-t2/cfi-rigid-t2-1152-03-1,1152,9400,WL_DIST,1,42,288,288,4,4.00,2,4608,2304,68096,2240,8,6,52,592.3,1728,0,1728,0,1728,0,14059,1812,0,180000,2,1.12,0,0,1152,,,CERTIFIED,14113,592.4,288,,,WL1_ORIGINAL,false,OFF,1152,GLOBAL,68096,
cfi-rigid-t2,graphs/cfi-rigid-t2/cfi-rigid-t2-1152-03-2,1152,9400,WL_DIST,1,42,288,288,4,4.00,2,4608,2304,68096,1856,8,6,48,592.4,1728,0,1728,0,1728,0,17245,1000,0,180000,2,1.05,0,0,1152,,,CERTIFIED,17295,592.4,288,,,WL1_ORIGINAL,false,OFF,1152,GLOBAL,68096,
cfi-rigid-t2,graphs/cfi-rigid-t2/cfi-rigid-t2-1152-04-1,1152,9404,WL_DIST,1,42,288,288,4,4.00,2,4608,2304,68272,2112,8,6,53,592.5,1728,0,1728,0,1728,0,21005,1001,0,180000,2,1.12,0,0,1152,,,CERTIFIED,21060,592.6,288,,,WL1_ORIGINAL,false,OFF,1152,GLOBAL,68272,
cfi-rigid-t2,graphs/cfi-rigid-t2/cfi-rigid-t2-1152-04-2,1152,9404,WL_DIST,1,42,288,288,4,4.00,2,4608,2304,68272,1856,8,6,48,592.6,1728,0,1728,0,1728,0,25828,1001,0,180000,2,1.11,0,0,1152,,,CERTIFIED,25878,655.7,288,,,WL1_ORIGINAL,false,OFF,1152,GLOBAL,68272,
cfi-rigid-t2,graphs/cfi-rigid-t2/cfi-rigid-t2-1200-01-1,1200,9768,WL_DIST,1,42,300,300,4,4.00,2,4800,2400,70848,1856,8,6,55,656.0,1800,0,1800,0,1800,0,43542,1870,0,180000,2,1.13,0,0,1200,,,CERTIFIED,43599,663.8,300,,,WL1_ORIGINAL,false,OFF,1200,GLOBAL,70848,
cfi-rigid-t2,graphs/cfi-rigid-t2/cfi-rigid-t2-1200-01-2,1200,9768,WL_DIST,1,42,300,300,4,4.00,2,4800,2400,70848,1856,8,6,50,663.9,1800,0,1800,0,1800,0,47439,4188,0,180000,2,1.28,0,0,1200,,,CERTIFIED,47491,663.9,300,,,WL1_ORIGINAL,false,OFF,1200,GLOBAL,70848,
cfi-rigid-t2,graphs/cfi-rigid-t2/cfi-rigid-t2-1200-02-1,1200,9808,WL_DIST,1,42,300,300,4,4.00,1,4800,2400,71168,2208,8,6,51,663.9,1800,0,1800,0,1800,0,65999,1001,0,180000,2,1.06,0,0,1200,,,CERTIFIED,66051,664.0,300,,,WL1_ORIGINAL,false,OFF,1200,GLOBAL,71168,
cfi-rigid-t2,graphs/cfi-rigid-t2/cfi-rigid-t2-1200-02-2,1200,9808,WL_DIST,1,42,300,300,4,4.00,1,4800,2400,71168,1600,8,6,55,664.0,1800,0,1800,0,1800,0,42903,1000,0,180000,2,1.05,0,0,1200,,,CERTIFIED,42959,664.0,300,,,WL1_ORIGINAL,false,OFF,1200,GLOBAL,71168,
cfi-rigid-t2,graphs/cfi-rigid-t2/cfi-rigid-t2-1200-03-1,1200,9784,WL_DIST,1,42,300,300,4,4.00,2,4800,2400,70976,1728,8,6,50,664.1,1800,0,1800,0,1800,0,58241,1001,0,180000,2,1.02,0,0,1200,,,CERTIFIED,58293,664.1,300,,,WL1_ORIGINAL,false,OFF,1200,GLOBAL,70976,
cfi-rigid-t2,graphs/cfi-rigid-t2/cfi-rigid-t2-1200-03-2,1200,9784,WL_DIST,1,42,300,300,4,4.00,2,4800,2400,70976,1984,8,6,50,664.1,1800,0,1800,0,1800,0,66504,3309,0,180000,2,1.25,0,0,1200,,,CERTIFIED,66556,664.1,300,,,WL1_ORIGINAL,false,OFF,1200,GLOBAL,70976,
cfi-rigid-t2,graphs/cfi-rigid-t2/cfi-rigid-t2-1200-04-1,1200,9784,WL_DIST,1,42,300,300,4,4.00,2,4800,2400,70976,1728,8,6,55,664.1,1800,0,1800,0,1800,0,46118,7676,0,180000,2,1.38,0,0,1200,,,CERTIFIED,46175,664.1,300,,,WL1_ORIGINAL,false,OFF,1200,GLOBAL,70976,
cfi-rigid-t2,graphs/cfi-rigid-t2/cfi-rigid-t2-1200-04-2,1200,9784,WL_DIST,1,42,300,300,4,4.00,2,4800,2400,70976,960,8,6,50,664.1,1800,0,1800,0,1800,0,49930,2199,0,180000,2,1.27,0,0,1200,,,CERTIFIED,49982,664.1,300,,,WL1_ORIGINAL,false,OFF,1200,GLOBAL,70976,
cfi-rigid-t2,graphs/cfi-rigid-t2/cfi-rigid-t2-1248-01-1,1248,10176,WL_DIST,1,42,312,312,4,4.00,2,4992,2496,73824,1856,8,6,53,664.4,1872,0,1872,0,1872,0,21098,1005,0,180000,2,1.10,0,0,1248,,,CERTIFIED,21153,664.8,312,,,WL1_ORIGINAL,false,OFF,1248,GLOBAL,73824,
cfi-rigid-t2,graphs/cfi-rigid-t2/cfi-rigid-t2-1248-01-2,1248,10176,WL_DIST,1,42,312,312,4,4.00,2,4992,2496,73824,1984,8,6,58,664.8,1872,0,1872,0,1872,0,33657,1001,0,180000,2,1.08,0,0,1248,,,CERTIFIED,33717,664.8,312,,,WL1_ORIGINAL,false,OFF,1248,GLOBAL,73824,
cfi-rigid-t2,graphs/cfi-rigid-t2/cfi-rigid-t2-1248-02-1,1248,10192,WL_DIST,1,42,312,312,4,4.00,2,4992,2496,73856,2240,8,6,53,664.8,1872,0,1872,0,1872,0,28693,1368,0,180000,2,1.23,0,0,1248,,,CERTIFIED,28748,664.8,312,,,WL1_ORIGINAL,false,OFF,1248,GLOBAL,73856,
cfi-rigid-t2,graphs/cfi-rigid-t2/cfi-rigid-t2-1248-02-2,1248,10192,WL_DIST,1,42,312,312,4,4.00,2,4992,2496,73856,1600,8,6,58,664.8,1872,0,1872,0,1872,0,21494,1003,0,180000,2,1.05,0,0,1248,,,CERTIFIED,21554,664.8,312,,,WL1_ORIGINAL,false,OFF,1248,GLOBAL,73856,
cfi-rigid-t2,graphs/cfi-rigid-t2/cfi-rigid-t2-1248-03-1,1248,10180,WL_DIST,1,42,312,312,4,4.00,2,4992,2496,73712,2368,8,6,53,664.8,1872,0,1872,0,1872,0,50151,1297,0,180000,2,1.10,0,0,1248,,,CERTIFIED,50206,664.8,312,,,WL1_ORIGINAL,false,OFF,1248,GLOBAL,73712,
cfi-rigid-t2,graphs/cfi-rigid-t2/cfi-rigid-t2-1248-03-2,1248,10180,WL_DIST,1,42,312,312,4,4.00,2,4992,2496,73712,1728,8,6,53,664.8,1872,0,1872,0,1872,0,53454,1003,0,180000,2,1.00,0,0,1248,,,CERTIFIED,53509,664.8,312,,,WL1_ORIGINAL,false,OFF,1248,GLOBAL,73712,
cfi-rigid-t2,graphs/cfi-rigid-t2/cfi-rigid-t2-1248-04-1,1248,10188,WL_DIST,1,42,312,312,4,4.00,1,4992,2496,73776,2240,8,6,56,664.8,1872,0,1872,0,1872,0,9622,1001,0,180000,2,1.03,0,0,1248,,,CERTIFIED,9679,664.8,312,,,WL1_ORIGINAL,false,OFF,1248,GLOBAL,73776,
cfi-rigid-t2,graphs/cfi-rigid-t2/cfi-rigid-t2-1248-04-2,1248,10188,WL_DIST,1,42,312,312,4,4.00,2,4992,2496,73776,1984,8,6,54,664.8,1872,0,1872,0,1872,0,16032,1444,0,180000,2,1.32,0,0,1248,,,CERTIFIED,16088,664.8,312,,,WL1_ORIGINAL,false,OFF,1248,GLOBAL,73776,
cfi-rigid-t2,graphs/cfi-rigid-t2/cfi-rigid-t2-1296-01-1,1296,10584,WL_DIST,1,42,324,324,4,4.00,2,5184,2592,76608,1856,8,6,61,665.0,1944,0,1944,0,1944,0,11884,1109,0,180000,2,1.12,0,0,1296,,,CERTIFIED,11947,665.0,324,,,WL1_ORIGINAL,false,OFF,1296,GLOBAL,76608,
cfi-rigid-t2,graphs/cfi-rigid-t2/cfi-rigid-t2-1296-01-2,1296,10584,WL_DIST,1,42,324,324,4,4.00,2,5184,2592,76608,2240,8,6,56,665.0,1944,0,1944,0,1944,0,9399,1002,0,180000,2,1.01,0,0,1296,,,CERTIFIED,9457,665.0,324,,,WL1_ORIGINAL,false,OFF,1296,GLOBAL,76608,
cfi-rigid-t2,graphs/cfi-rigid-t2/cfi-rigid-t2-1296-02-1,1296,10556,WL_DIST,1,42,324,324,4,4.00,2,5184,2592,76432,1856,8,6,60,665.1,1944,0,1944,0,1944,0,68716,1001,0,180000,2,1.00,0,0,1296,,,CERTIFIED,68778,665.1,324,,,WL1_ORIGINAL,false,OFF,1296,GLOBAL,76432,
cfi-rigid-t2,graphs/cfi-rigid-t2/cfi-rigid-t2-1296-02-2,1296,10556,WL_DIST,1,42,324,324,4,4.00,2,5184,2592,76432,2112,8,6,56,665.1,1944,0,1944,0,1944,0,75047,1000,0,180000,2,1.06,0,0,1296,,,CERTIFIED,75105,665.1,324,,,WL1_ORIGINAL,false,OFF,1296,GLOBAL,76432,
cfi-rigid-t2,graphs/cfi-rigid-t2/cfi-rigid-t2-1296-03-1,1296,10548,WL_DIST,1,42,324,324,4,4.00,2,5184,2592,76176,2368,8,6,61,665.1,1944,0,1944,0,1944,0,53594,8866,0,180000,2,1.48,0,0,1296,,,CERTIFIED,53657,665.1,324,,,WL1_ORIGINAL,false,OFF,1296,GLOBAL,76176,
cfi-rigid-t2,graphs/cfi-rigid-t2/cfi-rigid-t2-1296-03-2,1296,10548,WL_DIST,1,42,324,324,4,4.00,2,5184,2592,76176,1696,8,6,55,665.1,1944,0,1944,0,1944,0,81678,7308,0,180000,2,1.26,0,0,1296,,,CERTIFIED,81735,666.3,324,,,WL1_ORIGINAL,false,OFF,1296,GLOBAL,76176,
cfi-rigid-t2,graphs/cfi-rigid-t2/cfi-rigid-t2-1296-04-1,1296,10584,WL_DIST,1,42,324,324,4,4.00,1,5184,2592,76704,1472,8,6,60,666.3,1944,0,1944,0,1944,0,24747,1004,0,180000,2,1.07,0,0,1296,,,CERTIFIED,24808,666.3,324,,,WL1_ORIGINAL,false,OFF,1296,GLOBAL,76704,
cfi-rigid-t2,graphs/cfi-rigid-t2/cfi-rigid-t2-1296-04-2,1296,10584,WL_DIST,1,42,324,324,4,4.00,2,5184,2592,76704,1568,8,6,55,666.3,1944,0,1944,0,1944,0,34857,1003,0,180000,2,1.04,0,0,1296,,,CERTIFIED,34914,666.9,324,,,WL1_ORIGINAL,false,OFF,1296,GLOBAL,76704,
cfi-rigid-t2,graphs/cfi-rigid-t2/cfi-rigid-t2-1344-01-1,1344,10936,WL_DIST,1,42,336,336,4,4.00,2,5376,2688,79136,1728,8,6,62,667.1,2016,0,2016,0,2016,0,68554,1003,0,180000,2,1.01,0,0,1344,,,CERTIFIED,68618,667.2,336,,,WL1_ORIGINAL,false,OFF,1344,GLOBAL,79136,
cfi-rigid-t2,graphs/cfi-rigid-t2/cfi-rigid-t2-1344-01-2,1344,10936,WL_DIST,1,42,336,336,4,4.00,1,5376,2688,79136,1600,8,6,58,667.2,2016,0,2016,0,2016,0,82672,1002,0,180000,2,1.05,0,0,1344,,,CERTIFIED,82731,667.2,336,,,WL1_ORIGINAL,false,OFF,1344,GLOBAL,79136,
cfi-rigid-t2,graphs/cfi-rigid-t2/cfi-rigid-t2-1344-02-1,1344,10964,WL_DIST,1,42,336,336,4,4.00,2,5376,2688,79408,1600,8,6,62,667.3,2016,0,2016,0,2016,0,32698,2221,0,180000,2,1.19,0,0,1344,,,CERTIFIED,32762,667.3,336,,,WL1_ORIGINAL,false,OFF,1344,GLOBAL,79408,
cfi-rigid-t2,graphs/cfi-rigid-t2/cfi-rigid-t2-1344-02-2,1344,10964,WL_DIST,1,42,336,336,4,4.00,2,5376,2688,79408,1856,8,6,58,667.3,2016,0,2016,0,2016,0,58327,1055,0,180000,2,1.10,0,0,1344,,,CERTIFIED,58387,667.3,336,,,WL1_ORIGINAL,false,OFF,1344,GLOBAL,79408,
cfi-rigid-t2,graphs/cfi-rigid-t2/cfi-rigid-t2-1344-03-1,1344,10956,WL_DIST,1,42,336,336,4,4.00,2,5376,2688,79248,2112,8,6,58,667.3,2016,0,2016,0,2016,0,49477,1005,0,180000,2,1.14,0,0,1344,,,CERTIFIED,49537,667.4,336,,,WL1_ORIGINAL,false,OFF,1344,GLOBAL,79248,
cfi-rigid-t2,graphs/cfi-rigid-t2/cfi-rigid-t2-1344-03-2,1344,10956,WL_DIST,1,42,336,336,4,4.00,2,5376,2688,79248,2240,8,6,63,667.4,2016,0,2016,0,2016,0,70054,1000,0,180000,2,1.07,0,0,1344,,,CERTIFIED,70119,667.4,336,,,WL1_ORIGINAL,false,OFF,1344,GLOBAL,79248,
cfi-rigid-t2,graphs/cfi-rigid-t2/cfi-rigid-t2-1344-04-2,1344,10960,WL_DIST,1,42,336,336,4,4.00,2,5376,2688,79520,1600,8,6,74,667.7,2016,0,2016,0,2016,0,113415,1157,0,180000,2,1.03,0,0,1344,,,CERTIFIED,113491,716.1,336,,,WL1_ORIGINAL,false,OFF,1344,GLOBAL,79520,
cfi-rigid-t2,graphs/cfi-rigid-t2/cfi-rigid-t2-1392-01-1,1392,11340,WL_DIST,1,42,348,348,4,4.00,2,5568,2784,82128,1856,8,6,63,717.4,2088,0,2088,0,2088,0,78992,8410,0,180000,2,1.33,0,0,1392,,,CERTIFIED,79057,719.2,348,,,WL1_ORIGINAL,false,OFF,1392,GLOBAL,82128,
cfi-rigid-t2,graphs/cfi-rigid-t2/cfi-rigid-t2-1392-01-2,1392,11340,WL_DIST,1,42,348,348,4,4.00,2,5568,2784,82128,1728,8,6,61,719.2,2088,0,2088,0,2088,0,72809,1004,0,180000,2,1.01,0,0,1392,,,CERTIFIED,72872,719.3,348,,,WL1_ORIGINAL,false,OFF,1392,GLOBAL,82128,
cfi-rigid-t2,graphs/cfi-rigid-t2/cfi-rigid-t2-1392-04-1,1392,11340,WL_DIST,1,42,348,348,4,4.00,2,5568,2784,82128,1984,8,6,66,720.5,2088,0,2088,0,2088,0,35496,3588,0,180000,2,1.22,0,0,1392,,,CERTIFIED,35564,726.5,348,,,WL1_ORIGINAL,false,OFF,1392,GLOBAL,82128,
cfi-rigid-t2,graphs/cfi-rigid-t2/cfi-rigid-t2-1392-04-2,1392,11340,WL_DIST,1,42,348,348,4,4.00,2,5568,2784,82128,1856,8,6,61,726.5,2088,0,2088,0,2088,0,43286,1007,0,180000,2,1.05,0,0,1392,,,CERTIFIED,43349,726.5,348,,,WL1_ORIGINAL,false,OFF,1392,GLOBAL,82128,
cfi-rigid-t2,graphs/cfi-rigid-t2/cfi-rigid-t2-1440-01-1,1440,11752,WL_DIST,1,42,360,360,4,4.00,2,5760,2880,85280,1856,8,6,66,726.7,2160,0,2160,0,2160,0,72493,3343,0,180000,2,1.11,0,0,1440,,,CERTIFIED,72561,728.2,360,,,WL1_ORIGINAL,false,OFF,1440,GLOBAL,85280,
cfi-rigid-t2,graphs/cfi-rigid-t2/cfi-rigid-t2-1440-01-2,1440,11752,WL_DIST,1,42,360,360,4,4.00,2,5760,2880,85280,1856,8,6,64,728.2,2160,0,2160,0,2160,0,88840,3660,0,180000,2,1.14,0,0,1440,,,CERTIFIED,88906,728.2,360,,,WL1_ORIGINAL,false,OFF,1440,GLOBAL,85280,
cfi-rigid-t2,graphs/cfi-rigid-t2/cfi-rigid-t2-1440-04-2,1440,11724,WL_DIST,1,42,360,360,4,4.00,2,5760,2880,85008,1728,8,6,63,867.9,2160,0,2160,0,2160,0,94863,2763,0,180000,2,1.08,0,0,1440,,,CERTIFIED,94928,877.3,360,,,WL1_ORIGINAL,false,OFF,1440,GLOBAL,85008,
cfi-rigid-t2,graphs/cfi-rigid-t2/cfi-rigid-t2-1344-04-1,1344,10960,WL_DIST,1,42,336,336,4,4.00,48,5376,2688,79520,2368,8,6,189,170.4,2016,0,2016,0,2016,0,153328,8162,0,180000,2,1.13,0,0,1344,,,CERTIFIED,153565,266.9,336,,,WL1_ORIGINAL,false,OFF,1344,GLOBAL,79520,
cfi-rigid-t2,graphs/cfi-rigid-t2/cfi-rigid-t2-1392-02-1,1392,11340,WL_DIST,1,42,348,348,4,4.00,4,5568,2784,82128,1216,8,6,78,273.3,2088,0,2088,0,2088,0,163770,2820,0,180000,2,1.08,0,0,1392,,,CERTIFIED,163852,437.9,348,,,WL1_ORIGINAL,false,OFF,1392,GLOBAL,82128,
cfi-rigid-t2,graphs/cfi-rigid-t2/cfi-rigid-t2-1392-02-2,1392,11340,WL_DIST,1,42,348,348,4,4.00,3,5568,2784,82128,1728,8,6,60,445.9,2088,0,2088,0,2088,0,198240,4170,0,180000,2,1.07,0,0,1392,,,CERTIFIED,198303,464.3,348,,,WL1_ORIGINAL,false,OFF,1392,GLOBAL,82128,
cfi-rigid-t2,graphs/cfi-rigid-t2/cfi-rigid-t2-1392-03-1,1392,11356,WL_DIST,1,42,348,348,4,4.00,3,5568,2784,82256,1344,8,6,56,464.3,2088,0,2088,0,2088,0,199585,2749,0,180000,2,1.04,0,0,1392,,,CERTIFIED,199644,483.3,348,,,WL1_ORIGINAL,false,OFF,1392,GLOBAL,82256,
cfi-rigid-t2,graphs/cfi-rigid-t2/cfi-rigid-t2-1392-03-2,1392,11356,WL_DIST,1,42,348,348,4,4.00,4,5568,2784,82256,1728,8,6,72,655.3,2088,0,2088,0,2088,0,172577,5205,0,180000,2,1.13,0,0,1392,,,CERTIFIED,172653,656.6,348,,,WL1_ORIGINAL,false,OFF,1392,GLOBAL,82256,
cfi-rigid-t2,graphs/cfi-rigid-t2/cfi-rigid-t2-1440-02-2,1440,11736,WL_DIST,1,42,360,360,4,4.00,3,5760,2880,85152,2112,8,6,67,742.7,2160,0,2160,0,2160,0,422296,21597,0,180000,2,1.29,0,0,1440,,,CERTIFIED,422366,746.7,360,,,WL1_ORIGINAL,false,OFF,1440,GLOBAL,85152,
cfi-rigid-t2,graphs/cfi-rigid-t2/cfi-rigid-t2-1440-03-1,1440,11760,WL_DIST,1,42,360,360,4,4.00,3,5760,2880,85344,2240,8,6,67,746.7,2160,0,2160,0,2160,0,194478,23407,0,180000,2,1.30,0,0,1440,,,CERTIFIED,194548,746.7,360,,,WL1_ORIGINAL,false,OFF,1440,GLOBAL,85344,
cfi-rigid-t2,graphs/cfi-rigid-t2/cfi-rigid-t2-1440-03-2,1440,11760,WL_DIST,1,42,360,360,4,4.00,3,5760,2880,85344,1600,8,6,62,746.7,2160,0,2160,0,2160,0,331858,16033,0,180000,2,1.15,0,0,1440,,,CERTIFIED,331923,745.8,360,,,WL1_ORIGINAL,false,OFF,1440,GLOBAL,85344,
cfi-rigid-t2,graphs/cfi-rigid-t2/cfi-rigid-t2-1440-04-1,1440,11724,WL_DIST,1,42,360,360,4,4.00,3,5760,2880,85008,2112,8,6,62,745.8,2160,0,2160,0,2160,0,103509,11484,0,180000,2,1.31,0,0,1440,,,CERTIFIED,103574,745.8,360,,,WL1_ORIGINAL,false,OFF,1440,GLOBAL,85008,
cfi-rigid-t2,graphs/cfi-rigid-t2/cfi-rigid-t2-1488-01-1,1488,12152,WL_DIST,1,42,372,372,4,4.00,4,5952,2976,88192,1728,8,6,70,745.8,2232,0,2232,0,2232,0,644714,32076,0,180000,2,1.17,0,0,1488,,,CERTIFIED,644788,745.8,372,,,WL1_ORIGINAL,false,OFF,1488,GLOBAL,88192,
cfi-rigid-t2,graphs/cfi-rigid-t2/cfi-rigid-t2-1488-01-2,1488,12152,WL_DIST,1,42,372,372,4,4.00,3,5952,2976,88192,1856,8,6,68,745.8,2232,0,2232,0,2232,0,748138,9806,0,180000,2,1.04,0,0,1488,,,CERTIFIED,748209,745.8,372,,,WL1_ORIGINAL,false,OFF,1488,GLOBAL,88192,
cfi-rigid-t2,graphs/cfi-rigid-t2/cfi-rigid-t2-1488-02-1,1488,12124,WL_DIST,1,42,372,372,4,4.00,3,5952,2976,88016,1856,8,6,68,745.8,2232,0,2232,0,2232,0,142434,1003,0,180000,2,1.03,0,0,1488,,,CERTIFIED,142505,745.8,372,,,WL1_ORIGINAL,false,OFF,1488,GLOBAL,88016,
cfi-rigid-t2,graphs/cfi-rigid-t2/cfi-rigid-t2-1488-02-2,1488,12124,WL_DIST,1,42,372,372,4,4.00,4,5952,2976,88016,1728,8,6,64,745.8,2232,0,2232,0,2232,0,148479,1004,0,180000,2,1.04,0,0,1488,,,CERTIFIED,148547,745.8,372,,,WL1_ORIGINAL,false,OFF,1488,GLOBAL,88016,
cfi-rigid-t2,graphs/cfi-rigid-t2/cfi-rigid-t2-1488-03-1,1488,12096,WL_DIST,1,42,372,372,4,4.00,4,5952,2976,87264,2240,8,6,64,745.8,2232,0,2232,0,2232,0,177632,1456,0,180000,2,1.06,0,0,1488,,,CERTIFIED,177700,745.8,372,,,WL1_ORIGINAL,false,OFF,1488,GLOBAL,87264,
cfi-rigid-t2,graphs/cfi-rigid-t2/cfi-rigid-t2-1488-03-2,1488,12096,WL_DIST,1,42,372,372,4,4.00,4,5952,2976,87264,2240,8,6,64,745.8,2232,0,2232,0,2232,0,174582,6958,0,180000,2,1.14,0,0,1488,,,CERTIFIED,174650,745.8,372,,,WL1_ORIGINAL,false,OFF,1488,GLOBAL,87264,
cfi-rigid-t2,graphs/cfi-rigid-t2/cfi-rigid-t2-1488-04-1,1488,12152,WL_DIST,1,42,372,372,4,4.00,3,5952,2976,88000,2240,8,6,69,745.8,2232,0,2232,0,2232,0,187336,13216,0,180000,2,1.27,0,0,1488,,,CERTIFIED,187408,745.8,372,,,WL1_ORIGINAL,false,OFF,1488,GLOBAL,88000,
cfi-rigid-t2,graphs/cfi-rigid-t2/cfi-rigid-t2-1488-04-2,1488,12152,WL_DIST,1,42,372,372,4,4.00,4,5952,2976,88000,1728,8,6,69,745.8,2232,0,2232,0,2232,0,229060,16908,0,180000,2,1.24,0,0,1488,,,CERTIFIED,229133,745.8,372,,,WL1_ORIGINAL,false,OFF,1488,GLOBAL,88000,
cfi-rigid-t2,graphs/cfi-rigid-t2/cfi-rigid-t2-1536-01-1,1536,12520,WL_DIST,1,42,384,384,4,4.00,4,6144,3072,90752,2112,8,6,70,745.8,2304,0,2304,0,2304,0,753414,26103,0,180000,2,1.10,0,0,1536,,,CERTIFIED,753488,746.0,384,,,WL1_ORIGINAL,false,OFF,1536,GLOBAL,90752,
cfi-rigid-t2,graphs/cfi-rigid-t2/cfi-rigid-t2-1536-01-2,1536,12520,WL_DIST,1,42,384,384,4,4.00,4,6144,3072,90752,2240,8,6,67,746.0,2304,0,2304,0,2304,0,438584,32913,0,180000,2,1.20,0,0,1536,,,CERTIFIED,438655,746.2,384,,,WL1_ORIGINAL,false,OFF,1536,GLOBAL,90752,
cfi-rigid-t2,graphs/cfi-rigid-t2/cfi-rigid-t2-1536-02-1,1536,12544,WL_DIST,1,42,384,384,4,4.00,3,6144,3072,91040,1600,8,6,68,747.2,2304,0,2304,0,2304,0,460911,13439,0,180000,2,1.09,0,0,1536,,,CERTIFIED,460982,747.2,384,,,WL1_ORIGINAL,false,OFF,1536,GLOBAL,91040,
cfi-rigid-t2,graphs/cfi-rigid-t2/cfi-rigid-t2-1536-02-2,1536,12544,WL_DIST,1,42,384,384,4,4.00,4,6144,3072,91040,1472,8,6,67,748.1,2304,0,2304,0,2304,0,500914,7776,0,180000,2,1.05,0,0,1536,,,CERTIFIED,500985,748.1,384,,,WL1_ORIGINAL,false,OFF,1536,GLOBAL,91040,
cfi-rigid-t2,graphs/cfi-rigid-t2/cfi-rigid-t2-1536-03-1,1536,12520,WL_DIST,1,42,384,384,4,4.00,3,6144,3072,90656,2240,8,6,67,748.1,2304,0,2304,0,2304,0,252923,22386,0,180000,2,1.25,0,0,1536,,,CERTIFIED,252993,748.1,384,,,WL1_ORIGINAL,false,OFF,1536,GLOBAL,90656,
cfi-rigid-t2,graphs/cfi-rigid-t2/cfi-rigid-t2-1536-03-2,1536,12520,WL_DIST,1,42,384,384,4,4.00,3,6144,3072,90656,1600,8,6,67,748.2,2304,0,2304,0,2304,0,142808,6751,0,180000,2,1.13,0,0,1536,,,CERTIFIED,142878,748.2,384,,,WL1_ORIGINAL,false,OFF,1536,GLOBAL,90656,
cfi-rigid-t2,graphs/cfi-rigid-t2/cfi-rigid-t2-1536-04-1,1536,12524,WL_DIST,1,42,384,384,4,4.00,3,6144,3072,90832,2240,8,6,72,748.2,2304,0,2304,0,2304,0,91529,1005,0,180000,2,1.02,0,0,1536,,,CERTIFIED,91604,748.2,384,,,WL1_ORIGINAL,false,OFF,1536,GLOBAL,90832,
cfi-rigid-t2,graphs/cfi-rigid-t2/cfi-rigid-t2-1536-04-2,1536,12524,WL_DIST,1,42,384,384,4,4.00,3,6144,3072,90832,1856,8,6,72,748.2,2304,0,2304,0,2304,0,126678,2396,0,180000,2,1.09,0,0,1536,,,CERTIFIED,126753,748.2,384,,,WL1_ORIGINAL,false,OFF,1536,GLOBAL,90832,
cfi-rigid-t2,graphs/cfi-rigid-t2/cfi-rigid-t2-1632-01-1,1632,13300,WL_DIST,1,42,408,408,4,4.00,3,6528,3264,96272,1600,8,6,78,748.5,2448,0,2448,0,2448,0,64691,1005,0,180000,2,1.01,0,0,1632,,,CERTIFIED,64772,748.5,408,,,WL1_ORIGINAL,false,OFF,1632,GLOBAL,96272,
cfi-rigid-t2,graphs/cfi-rigid-t2/cfi-rigid-t2-1632-01-2,1632,13300,WL_DIST,1,42,408,408,4,4.00,3,6528,3264,96272,1984,8,6,77,748.6,2448,0,2448,0,2448,0,19370,6340,0,180000,2,1.24,0,0,1632,,,CERTIFIED,19450,748.6,408,,,WL1_ORIGINAL,false,OFF,1632,GLOBAL,96272,
cfi-rigid-t2,graphs/cfi-rigid-t2/cfi-rigid-t2-1440-02-1,1440,11736,WL_DIST,1,42,360,360,4,4.00,55,5760,2880,85152,1728,8,6,219,173.6,2160,0,2160,0,2160,0,1540411,1020,0,200000,1,1.00,0,0,1440,,,CERTIFIED,1540685,316.7,360,,,WL1_ORIGINAL,false,OFF,1440,GLOBAL,85152,
cfi-rigid-t2,graphs/cfi-rigid-t2/cfi-rigid-t2-1632-02-1,1632,13320,WL_DIST,1,42,408,408,4,4.00,5,6528,3264,96672,2240,8,6,81,334.3,2448,0,2448,0,2448,0,952512,1007,0,200000,1,1.00,0,0,1632,,,CERTIFIED,952598,389.2,408,,,WL1_ORIGINAL,false,OFF,1632,GLOBAL,96672,
cfi-rigid-t2,graphs/cfi-rigid-t2/cfi-rigid-t2-1632-02-2,1632,13320,WL_DIST,1,42,408,408,4,4.00,4,6528,3264,96672,1472,8,6,77,429.3,2448,0,2448,0,2448,0,526171,1006,0,200000,1,1.00,0,0,1632,,,CERTIFIED,526252,437.8,408,,,WL1_ORIGINAL,false,OFF,1632,GLOBAL,96672,
cfi-rigid-t2,graphs/cfi-rigid-t2/cfi-rigid-t2-1632-03-1,1632,13300,WL_DIST,1,42,408,408,4,4.00,4,6528,3264,96368,2240,8,6,62,437.8,2448,0,2448,0,2448,0,586405,1004,0,200000,1,1.00,0,0,1632,,,CERTIFIED,586471,527.1,408,,,WL1_ORIGINAL,false,OFF,1632,GLOBAL,96368,
cfi-rigid-t2,graphs/cfi-rigid-t2/cfi-rigid-t2-1632-03-2,1632,13300,WL_DIST,1,42,408,408,4,4.00,4,6528,3264,96368,1472,8,6,78,528.2,2448,0,2448,0,2448,0,629176,1006,0,200000,1,1.00,0,0,1632,,,CERTIFIED,629258,561.0,408,,,WL1_ORIGINAL,false,OFF,1632,GLOBAL,96368,
cfi-rigid-t2,graphs/cfi-rigid-t2/cfi-rigid-t2-1632-04-1,1632,13308,WL_DIST,1,42,408,408,4,4.00,4,6528,3264,96432,1984,8,6,78,561.0,2448,0,2448,0,2448,0,396953,1005,0,200000,1,1.00,0,0,1632,,,CERTIFIED,397035,561.0,408,,,WL1_ORIGINAL,false,OFF,1632,GLOBAL,96432,
cfi-rigid-t2,graphs/cfi-rigid-t2/cfi-rigid-t2-1632-04-2,1632,13308,WL_DIST,1,42,408,408,4,4.00,5,6528,3264,96432,1600,8,6,72,561.0,2448,0,2448,0,2448,0,628574,1004,0,200000,1,1.00,0,0,1632,,,CERTIFIED,628651,562.7,408,,,WL1_ORIGINAL,false,OFF,1632,GLOBAL,96432,
cfi-rigid-t2,graphs/cfi-rigid-t2/cfi-rigid-t2-1728-01-1,1728,14108,WL_DIST,1,42,432,432,4,4.00,4,6912,3456,102256,1984,8,6,83,563.2,2592,0,2592,0,2592,0,1914208,1012,1,200000,1,1.00,0,0,1728,,,CERTIFIED,1914295,587.7,432,,,WL1_ORIGINAL,false,OFF,1728,GLOBAL,102256,
cfi-rigid-t2,graphs/cfi-rigid-t2/cfi-rigid-t2-1728-01-2,1728,14108,WL_DIST,1,42,432,432,4,4.00,4,6912,3456,102256,1600,8,6,100,587.7,2592,0,2592,0,2592,0,938739,1010,0,200000,1,1.00,0,0,1728,,,CERTIFIED,938843,587.7,432,,,WL1_ORIGINAL,false,OFF,1728,GLOBAL,102256,
cfi-rigid-t2,graphs/cfi-rigid-t2/cfi-rigid-t2-1728-02-1,1728,14088,WL_DIST,1,42,432,432,4,4.00,4,6912,3456,102240,1984,8,6,89,587.7,2592,0,2592,0,2592,0,955656,1014,0,200000,1,1.00,0,0,1728,,,CERTIFIED,955749,587.7,432,,,WL1_ORIGINAL,false,OFF,1728,GLOBAL,102240,
cfi-rigid-t2,graphs/cfi-rigid-t2/cfi-rigid-t2-1728-02-2,1728,14088,WL_DIST,1,42,432,432,4,4.00,4,6912,3456,102240,1472,8,6,83,587.7,2592,0,2592,0,2592,0,1986446,1017,1,200000,1,1.00,0,0,1728,,,CERTIFIED,1986533,604.0,432,,,WL1_ORIGINAL,false,OFF,1728,GLOBAL,102240,
cfi-rigid-t2,graphs/cfi-rigid-t2/cfi-rigid-t2-1728-03-1,1728,14096,WL_DIST,1,42,432,432,4,4.00,3,6912,3456,102208,1984,8,6,70,661.2,2592,0,2592,0,2592,0,1241491,1013,0,200000,1,1.00,0,0,1728,,,CERTIFIED,1241564,693.9,432,,,WL1_ORIGINAL,false,OFF,1728,GLOBAL,102208,
cfi-rigid-t2,graphs/cfi-rigid-t2/cfi-rigid-t2-1728-03-2,1728,14096,WL_DIST,1,42,432,432,4,4.00,4,6912,3456,102208,1728,8,6,77,693.9,2592,0,2592,0,2592,0,1718780,1009,0,200000,1,1.00,0,0,1728,,,CERTIFIED,1718861,707.5,432,,,WL1_ORIGINAL,false,OFF,1728,GLOBAL,102208,
cfi-rigid-t2,graphs/cfi-rigid-t2/cfi-rigid-t2-1728-04-1,1728,14080,WL_DIST,1,42,432,432,4,4.00,4,6912,3456,101984,2368,8,6,77,707.5,2592,0,2592,0,2592,0,1145579,1005,0,200000,1,1.00,0,0,1728,,,CERTIFIED,1145660,707.5,432,,,WL1_ORIGINAL,false,OFF,1728,GLOBAL,101984,
cfi-rigid-t2,graphs/cfi-rigid-t2/cfi-rigid-t2-1728-04-2,1728,14080,WL_DIST,1,42,432,432,4,4.00,4,6912,3456,101984,1984,8,6,78,707.5,2592,0,2592,0,2592,0,267973,1002,0,200000,1,1.00,0,0,1728,,,CERTIFIED,268055,707.5,432,,,WL1_ORIGINAL,false,OFF,1728,GLOBAL,101984,
cfi-rigid-t2,graphs/cfi-rigid-t2/cfi-rigid-t2-1824-01-1,1824,14888,WL_DIST,1,42,456,456,4,4.00,4,7296,3648,107968,1344,8,6,86,707.5,2736,0,2736,0,2736,0,328232,1006,0,200000,1,1.00,0,0,1824,,,CERTIFIED,328322,707.5,456,,,WL1_ORIGINAL,false,OFF,1824,GLOBAL,107968,
cfi-rigid-t2,graphs/cfi-rigid-t2/cfi-rigid-t2-1824-01-2,1824,14888,WL_DIST,1,42,456,456,4,4.00,5,7296,3648,107968,2240,8,6,88,707.5,2736,0,2736,0,2736,0,345000,1004,0,200000,1,1.00,0,0,1824,,,CERTIFIED,345093,707.5,456,,,WL1_ORIGINAL,false,OFF,1824,GLOBAL,107968,