family,instance,n,m,fvs_size,seeded_size,fvs_queries,full_admissible_pairs,wl_cells,plain_wl_cells,true_orbits,gt_source,match,fvs_ms,sat_ms,wl_ms,total_ms
cfi-rigid-r2,graphs/cfi-rigid-r2/cfi-rigid-r2-0068-03-1,68,132,14,16,5,156,43,23,43,r2-sat.csv,true,11,68,2,85
cfi-rigid-r2,graphs/cfi-rigid-r2/cfi-rigid-r2-0072-01-1,72,144,14,16,8,168,72,24,72,r2-sat.csv,true,0,24,0,26
cfi-rigid-r2,graphs/cfi-rigid-r2/cfi-rigid-r2-0144-01-1,144,288,28,34,17,336,144,48,144,r2-sat.csv,true,2,81,1,86
cfi-rigid-r2,graphs/cfi-rigid-r2/cfi-rigid-r2-0216-01-1,216,432,43,50,25,504,216,72,216,r2-sat.csv,true,4,87,1,94
cfi-rigid-r2,graphs/cfi-rigid-r2/cfi-rigid-r2-0288-01-1,288,576,60,68,34,672,288,96,288,r2-sat.csv,true,2,197,2,203
cfi-rigid-r2,graphs/cfi-rigid-r2/cfi-rigid-r2-0360-01-1,360,720,74,88,48,840,360,120,360,r2-sat.csv,true,4,162,2,170
cfi-rigid-r2,graphs/cfi-rigid-r2/cfi-rigid-r2-0432-01-1,432,864,89,106,57,1008,432,144,432,r2-sat.csv,true,4,244,1,252
cfi-rigid-r2,graphs/cfi-rigid-r2/cfi-rigid-r2-0504-01-1,504,1008,103,122,61,1176,504,168,504,r2-sat.csv,true,5,385,2,395
cfi-rigid-r2,graphs/cfi-rigid-r2/cfi-rigid-r2-0576-01-1,576,1152,113,138,69,1344,576,192,576,r2-sat.csv,true,6,616,2,628
cfi-rigid-r2,graphs/cfi-rigid-r2/cfi-rigid-r2-0648-01-1,648,1296,133,166,83,1512,648,216,648,r2-sat.csv,true,8,786,2,800
cfi-rigid-r2,graphs/cfi-rigid-r2/cfi-rigid-r2-0720-01-1,720,1440,145,168,88,1680,720,240,720,r2-sat.csv,true,9,707,2,721
cfi-rigid-r2,graphs/cfi-rigid-r2/cfi-rigid-r2-0792-01-1,792,1584,162,188,94,1848,792,264,792,r2-sat.csv,true,11,548,2,565
cfi-rigid-r2,graphs/cfi-rigid-r2/cfi-rigid-r2-0864-01-1,864,1728,182,214,107,2016,864,288,864,r2-sat.csv,true,3,773,2,783
cfi-rigid-r2,graphs/cfi-rigid-r2/cfi-rigid-r2-0936-01-1,936,1872,193,232,120,2184,936,312,936,r2-sat.csv,true,4,1106,2,1115
cfi-rigid-r2,graphs/cfi-rigid-r2/cfi-rigid-r2-1008-01-1,1008,2016,204,238,119,2352,1008,336,1008,r2-sat.csv,true,4,1052,2,1061
cfi-rigid-r2,graphs/cfi-rigid-r2/cfi-rigid-r2-1080-01-1,1080,2160,224,270,135,2520,1080,360,1080,r2-sat.csv,true,4,1394,3,1405
cfi-rigid-r2,graphs/cfi-rigid-r2/cfi-rigid-r2-1152-01-1,1152,2304,235,276,138,2688,1152,384,1152,r2-sat.csv,true,7,1965,4,1980
cfi-rigid-r2,graphs/cfi-rigid-r2/cfi-rigid-r2-1224-01-1,1224,2448,254,298,149,2856,1224,408,1224,r2-sat.csv,true,7,3272,4,3288
cfi-rigid-r2,graphs/cfi-rigid-r2/cfi-rigid-r2-1296-01-1,1296,2592,265,318,159,3024,1296,432,1296,r2-sat.csv,true,8,2742,4,2759
cfi-rigid-r2,graphs/cfi-rigid-r2/cfi-rigid-r2-1368-01-1,1368,2736,281,334,171,3192,1368,456,1368,r2-sat.csv,true,11,2030,3,2049
cfi-rigid-r2,graphs/cfi-rigid-r2/cfi-rigid-r2-1440-01-1,1440,2880,297,350,179,3360,1440,480,1440,r2-sat.csv,true,8,2364,3,2379
cfi-rigid-r2,graphs/cfi-rigid-r2/cfi-rigid-r2-1512-01-1,1512,3024,312,374,187,3528,1512,504,1512,r2-sat.csv,true,7,4759,5,4775
cfi-rigid-r2,graphs/cfi-rigid-r2/cfi-rigid-r2-1584-01-1,1584,3168,324,378,189,3696,1584,528,1584,r2-sat.csv,true,12,4139,5,4163
cfi-rigid-r2,graphs/cfi-rigid-r2/cfi-rigid-r2-1656-01-1,1656,3312,338,404,206,3864,1656,552,1656,r2-sat.csv,true,11,3175,4,3196
cfi-rigid-r2,graphs/cfi-rigid-r2/cfi-rigid-r2-1728-01-1,1728,3456,358,430,223,4032,1728,576,1728,r2-sat.csv,true,11,13452,5,13472
cfi-rigid-r2,graphs/cfi-rigid-r2/cfi-rigid-r2-1800-01-1,1800,3600,374,434,217,4200,1800,600,1800,r2-sat.csv,true,16,5018,5,5045
cfi-rigid-r2,graphs/cfi-rigid-r2/cfi-rigid-r2-1872-01-1,1872,3744,387,460,230,4368,1872,624,1872,r2-sat.csv,true,19,7008,3,7035
cfi-rigid-r2,graphs/cfi-rigid-r2/cfi-rigid-r2-1944-01-1,1944,3888,403,480,240,4536,1944,648,1944,r2-sat.csv,true,13,6449,3,6469
cfi-rigid-r2,graphs/cfi-rigid-r2/cfi-rigid-r2-2016-01-1,2016,4032,412,488,244,4704,2016,672,2016,r2-sat.csv,true,14,17702,4,17725
cfi-rigid-r2,graphs/cfi-rigid-r2/cfi-rigid-r2-2088-01-1,2088,4176,430,510,255,4872,2088,696,2088,r2-sat.csv,true,14,22310,5,22334
cfi-rigid-r2,graphs/cfi-rigid-r2/cfi-rigid-r2-2160-01-1,2160,4320,446,528,268,5040,2160,720,2160,r2-sat.csv,true,20,12307,5,12337
cfi-rigid-r2,graphs/cfi-rigid-r2/cfi-rigid-r2-2232-01-1,2232,4464,457,550,275,5208,2232,744,2232,r2-sat.csv,true,24,85004,6,85038
cfi-rigid-r2,graphs/cfi-rigid-r2/cfi-rigid-r2-2304-01-1,2304,4608,472,550,283,5376,2304,768,2304,r2-sat.csv,true,27,22118,6,22156
cfi-rigid-r2,graphs/cfi-rigid-r2/cfi-rigid-r2-2376-01-1,2376,4752,489,584,293,5544,2376,792,2376,r2-sat.csv,true,27,109275,5,109313
cfi-rigid-r2,graphs/cfi-rigid-r2/cfi-rigid-r2-2448-01-1,2448,4896,504,592,296,5712,2448,816,2448,r2-sat.csv,true,22,16926,7,16960
cfi-rigid-r2,graphs/cfi-rigid-r2/cfi-rigid-r2-2520-01-1,2520,5040,516,616,312,5880,2520,840,2520,r2-sat.csv,true,33,47893,7,47938
cfi-rigid-r2,graphs/cfi-rigid-r2/cfi-rigid-r2-2592-01-1,2592,5184,533,630,318,6048,2592,864,2592,r2-sat.csv,true,109,475445,16,475593
cfi-rigid-z2,graphs/cfi-rigid-z2/cfi-rigid-z2-0088-01-1,88,192,17,18,6,216,63,2,63,z2-sat.csv,true,11,78,3,97
cfi-rigid-z2,graphs/cfi-rigid-z2/cfi-rigid-z2-0176-01-1,176,384,36,42,21,432,176,2,176,z2-sat.csv,true,2,94,1,99
cfi-rigid-z2,graphs/cfi-rigid-z2/cfi-rigid-z2-0264-01-1,264,576,53,60,30,648,264,2,264,z2-sat.csv,true,4,157,1,164
cfi-rigid-z2,graphs/cfi-rigid-z2/cfi-rigid-z2-0352-01-1,352,768,72,82,41,864,352,2,352,z2-sat.csv,true,3,255,1,262
cfi-rigid-z2,graphs/cfi-rigid-z2/cfi-rigid-z2-0440-01-1,440,960,90,104,52,1080,440,2,440,z2-sat.csv,true,5,204,1,213
cfi-rigid-z2,graphs/cfi-rigid-z2/cfi-rigid-z2-0528-01-1,528,1152,109,130,65,1296,528,2,528,z2-sat.csv,true,5,386,1,395
cfi-rigid-z2,graphs/cfi-rigid-z2/cfi-rigid-z2-0616-01-1,616,1344,123,142,71,1512,616,2,616,z2-sat.csv,true,6,427,2,438
cfi-rigid-z2,graphs/cfi-rigid-z2/cfi-rigid-z2-0704-01-1,704,1536,143,166,83,1728,704,2,704,z2-sat.csv,true,9,544,1,557
cfi-rigid-z2,graphs/cfi-rigid-z2/cfi-rigid-z2-0792-01-1,792,1728,158,186,93,1944,792,2,792,z2-sat.csv,true,5,324,2,336
cfi-rigid-z2,graphs/cfi-rigid-z2/cfi-rigid-z2-0880-01-1,880,1920,178,208,104,2160,880,2,880,z2-sat.csv,true,4,391,2,400
cfi-rigid-z2,graphs/cfi-rigid-z2/cfi-rigid-z2-0968-01-1,968,2112,196,226,113,2376,968,2,968,z2-sat.csv,true,7,449,2,461
cfi-rigid-z2,graphs/cfi-rigid-z2/cfi-rigid-z2-1056-01-1,1056,2304,211,246,123,2592,1056,2,1056,z2-sat.csv,true,6,485,2,496
cfi-rigid-z2,graphs/cfi-rigid-z2/cfi-rigid-z2-1144-01-1,1144,2496,227,264,132,2808,1144,2,1144,z2-sat.csv,true,6,828,2,839
cfi-rigid-z2,graphs/cfi-rigid-z2/cfi-rigid-z2-1232-01-1,1232,2688,249,296,148,3024,1232,2,1232,z2-sat.csv,true,6,709,2,721
cfi-rigid-z2,graphs/cfi-rigid-z2/cfi-rigid-z2-1320-01-1,1320,2880,263,304,152,3240,1320,2,1320,z2-sat.csv,true,7,1089,2,1102
cfi-rigid-z2,graphs/cfi-rigid-z2/cfi-rigid-z2-1408-01-1,1408,3072,282,326,163,3456,1408,2,1408,z2-sat.csv,true,8,1063,3,1078
cfi-rigid-z2,graphs/cfi-rigid-z2/cfi-rigid-z2-1496-01-1,1496,3264,306,354,177,3672,1496,2,1496,z2-sat.csv,true,9,1218,2,1234
cfi-rigid-z2,graphs/cfi-rigid-z2/cfi-rigid-z2-1584-01-1,1584,3456,323,374,187,3888,1584,2,1584,z2-sat.csv,true,10,1485,5,1504
cfi-rigid-z2,graphs/cfi-rigid-z2/cfi-rigid-z2-1672-01-1,1672,3648,336,394,197,4104,1672,2,1672,z2-sat.csv,true,11,1866,2,1883
cfi-rigid-z2,graphs/cfi-rigid-z2/cfi-rigid-z2-1760-01-1,1760,3840,350,406,203,4320,1760,2,1760,z2-sat.csv,true,13,1727,4,1748
cfi-rigid-z2,graphs/cfi-rigid-z2/cfi-rigid-z2-1848-01-1,1848,4032,380,440,220,4536,1848,2,1848,z2-sat.csv,true,19,2180,3,2208
cfi-rigid-z2,graphs/cfi-rigid-z2/cfi-rigid-z2-1936-01-1,1936,4224,393,458,229,4752,1936,2,1936,z2-sat.csv,true,14,2837,3,2859
cfi-rigid-z2,graphs/cfi-rigid-z2/cfi-rigid-z2-2024-01-1,2024,4416,412,480,240,4968,2024,2,2024,z2-sat.csv,true,17,2883,2,2907
cfi-rigid-z2,graphs/cfi-rigid-z2/cfi-rigid-z2-2112-01-1,2112,4608,431,504,252,5184,2112,2,2112,z2-sat.csv,true,17,3707,4,3733
cfi-rigid-z2,graphs/cfi-rigid-z2/cfi-rigid-z2-2200-01-1,2200,4800,445,516,258,5400,2200,2,2200,z2-sat.csv,true,25,5048,3,5085
cfi-rigid-z2,graphs/cfi-rigid-z2/cfi-rigid-z2-2288-01-1,2288,4992,467,546,273,5616,2288,2,2288,z2-sat.csv,true,21,4130,3,4159
cfi-rigid-z2,graphs/cfi-rigid-z2/cfi-rigid-z2-2376-01-1,2376,5184,482,564,282,5832,2376,2,2376,z2-sat.csv,true,21,3577,5,3607
cfi-rigid-z2,graphs/cfi-rigid-z2/cfi-rigid-z2-2464-01-1,2464,5376,495,572,286,6048,2464,2,2464,z2-sat.csv,true,34,5896,4,5939
cfi-rigid-z2,graphs/cfi-rigid-z2/cfi-rigid-z2-2552-01-1,2552,5568,509,594,297,6264,2552,2,2552,z2-sat.csv,true,25,5643,4,5678
cfi-rigid-z2,graphs/cfi-rigid-z2/cfi-rigid-z2-2640-01-1,2640,5760,532,622,311,6480,2640,2,2640,z2-sat.csv,true,28,5380,5,5417
cfi-rigid-z2,graphs/cfi-rigid-z2/cfi-rigid-z2-2728-01-1,2728,5952,552,646,323,6696,2728,2,2728,z2-sat.csv,true,42,6706,4,6758
cfi-rigid-z2,graphs/cfi-rigid-z2/cfi-rigid-z2-2816-01-1,2816,6144,567,662,331,6912,2816,2,2816,z2-sat.csv,true,32,5098,5,5141
cfi-rigid-z2,graphs/cfi-rigid-z2/cfi-rigid-z2-2904-01-1,2904,6336,588,686,343,7128,2904,2,2904,z2-sat.csv,true,47,8193,5,8292
cfi-rigid-z2,graphs/cfi-rigid-z2/cfi-rigid-z2-2992-01-1,2992,6528,606,704,352,7344,2992,2,2992,z2-sat.csv,true,58,8270,5,8339
cfi-rigid-z2,graphs/cfi-rigid-z2/cfi-rigid-z2-3080-01-1,3080,6720,614,718,359,7560,3080,2,3080,z2-sat.csv,true,56,10645,5,10712
cfi-rigid-z2,graphs/cfi-rigid-z2/cfi-rigid-z2-3168-01-1,3168,6912,642,750,375,7776,3168,2,3168,z2-sat.csv,true,58,9275,6,9345
cfi-rigid-z2,graphs/cfi-rigid-z2/cfi-rigid-z2-3256-01-1,3256,7104,658,770,385,7992,3256,2,3256,z2-sat.csv,true,58,9515,4,9583
cfi-rigid-z2,graphs/cfi-rigid-z2/cfi-rigid-z2-3344-01-1,3344,7296,674,788,394,8208,3344,2,3344,z2-sat.csv,true,47,8708,6,8767
cfi-rigid-z2,graphs/cfi-rigid-z2/cfi-rigid-z2-3432-01-1,3432,7488,690,802,401,8424,3432,2,3432,z2-sat.csv,true,72,13374,7,13459
cfi-rigid-z2,graphs/cfi-rigid-z2/cfi-rigid-z2-3520-01-1,3520,7680,717,832,416,8640,3520,2,3520,z2-sat.csv,true,70,10755,5,10837
cfi-rigid-z2,graphs/cfi-rigid-z2/cfi-rigid-z2-3608-01-1,3608,7872,729,850,425,8856,3608,2,3608,z2-sat.csv,true,55,10884,7,10951
cfi-rigid-z2,graphs/cfi-rigid-z2/cfi-rigid-z2-3696-01-1,3696,8064,752,880,440,9072,3696,2,3696,z2-sat.csv,true,76,16086,10,16229
cfi-rigid-z2,graphs/cfi-rigid-z2/cfi-rigid-z2-3784-01-1,3784,8256,760,886,443,9288,3784,2,3784,z2-sat.csv,true,84,17459,7,17557
cfi-rigid-z2,graphs/cfi-rigid-z2/cfi-rigid-z2-3872-01-1,3872,8448,787,918,459,9504,3872,2,3872,z2-sat.csv,true,85,13679,10,13782
cfi-rigid-z2,graphs/cfi-rigid-z2/cfi-rigid-z2-3960-01-1,3960,8640,794,930,465,9720,3960,2,3960,z2-sat.csv,true,92,21044,5,21150
cfi-rigid-z2,graphs/cfi-rigid-z2/cfi-rigid-z2-4048-01-1,4048,8832,815,950,475,9936,4048,2,4048,z2-sat.csv,true,66,18134,8,18214
cfi-rigid-z2,graphs/cfi-rigid-z2/cfi-rigid-z2-4136-01-1,4136,9024,826,956,478,10152,4136,2,4136,z2-sat.csv,true,102,16653,8,16772
cfi-rigid-r2,graphs/cfi-rigid-r2/cfi-rigid-r2-2664-01-1,2664,5328,545,646,335,6216,2664,888,2664,r2-sat.csv,true,141,656235,12,656427
cfi-rigid-r2,graphs/cfi-rigid-r2/cfi-rigid-r2-2736-01-1,2736,5472,555,658,333,6384,2736,912,2736,r2-sat.csv,true,33,98263,7,98310
cfi-rigid-r2,graphs/cfi-rigid-r2/cfi-rigid-r2-2808-01-1,2808,5616,579,686,355,6552,2808,936,2808,r2-sat.csv,true,35,109910,6,109958
cfi-rigid-r2,graphs/cfi-rigid-r2/cfi-rigid-r2-2880-01-1,2880,5760,597,712,356,6720,2880,960,2880,r2-sat.csv,true,31,23467,6,23510
cfi-rigid-r2,graphs/cfi-rigid-r2/cfi-rigid-r2-2952-01-1,2952,5904,606,720,368,6888,2952,984,2952,r2-sat.csv,true,34,1028755,7,1028803
cfi-rigid-r2,graphs/cfi-rigid-r2/cfi-rigid-r2-3024-01-1,3024,6048,621,728,387,7056,3024,1008,3024,r2-sat.csv,true,33,1798311,6,1798356
